"from","to"
1139,2506
1139,7736
1139,5477
8266,2506
3984,2506
3984,7215
3984,5179
3984,8585
3984,6613
3984,2863
3984,620
3984,7456
3984,203
3984,6305
3984,5001
3984,420
3984,9459
3984,7868
3984,2657
3984,2549
3984,4763
3984,4377
7357,2506
7243,1854
7243,6223
7243,6797
7243,550
4129,2172
4129,3682
4129,4512
4129,1110
3601,513
3601,203
3601,3096
3601,636
7501,2506
6146,1454
6146,7692
6146,1287
5820,408
5820,5152
5820,6601
5820,6887
5320,5894
5320,1784
5320,1707
4131,2506
3796,6664
3796,3883
3796,7704
3796,4027
3796,8448
3796,4121
3796,157
3796,8644
3796,6675
3796,7725
5414,4103
5414,7854
2506,5903
2506,5905
2506,7318
2506,7538
2506,6706
2506,8993
2506,5924
2506,189
2506,3626
2506,4817
2506,2816
2506,7845
2506,8983
2506,5537
2506,7892
2506,8901
2506,2829
2506,5082
2506,8685
2506,5839
2506,2080
2506,7431
2506,2547
2506,7000
2506,2881
2506,6657
2506,405
2506,3549
2506,4398
2506,245
2506,9137
2506,4413
2506,2896
2506,5249
2506,4773
2506,3494
2506,3404
2506,712
2506,1407
2506,7289
2506,315
2506,1700
2506,51
2506,4123
2506,4470
2506,587
2506,5133
2506,543
2506,3478
2506,6974
2506,3731
2506,480
2506,5693
2506,4502
2506,2040
2506,3282
2506,2256
2506,7771
2506,9307
2506,4452
2506,7760
2506,5513
2506,4426
2506,1104
2506,4142
2506,6866
2506,7869
2506,5838
2506,2145
2506,2924
2506,7261
2506,9609
2506,3200
2506,4258
2506,7821
2506,7824
2506,2397
2506,6281
2506,8233
2506,1785
2506,2915
2506,4732
2506,7799
2506,3871
2506,5741
2506,9321
2506,8208
2506,3267
2506,1910
2506,9390
2506,6790
2506,6371
2506,3351
2506,5539
2506,3587
2506,8350
2506,3538
2506,8154
2506,8640
2506,1958
2506,8704
2506,7660
2506,4233
2506,3313
2506,3528
2506,9358
2506,1297
2506,6118
2506,4350
2506,1086
2506,7265
2506,3594
2506,1594
2506,7277
2506,4908
2506,1107
2506,4466
2506,4155
2506,3975
2506,7356
2506,9047
2506,4433
2506,2283
2506,7557
2506,2683
2506,552
2506,2388
2506,5223
2506,9148
2506,9153
2506,3716
2506,268
2506,8646
2506,6092
2506,9516
2506,9541
2506,8401
2506,8182
2506,8140
2506,3776
2506,3571
2506,9117
2506,3823
2506,6271
2506,1007
2506,1542
2506,4417
2506,7394
2506,4676
2506,8606
2506,6454
2506,6053
2506,6050
2506,1696
2506,7266
2506,1852
2506,3341
2506,1681
2506,6162
2506,325
2506,1684
2506,4862
2506,1013
2506,7378
2506,6016
2506,6735
2506,6278
2506,6181
2506,6001
2506,2593
2506,6856
2506,4302
2506,6845
2506,5568
2506,2144
2506,1054
2506,7796
2506,6289
2506,9607
2506,6324
2506,1670
2506,427
2506,246
2506,2803
2506,1452
2506,8010
2506,974
2506,18
2506,1091
2506,5698
2506,1425
2506,4661
2506,6363
2506,6710
2506,3764
2506,6964
2506,4553
2506,2392
2506,7582
2506,3605
2506,941
2506,2020
2506,3659
2506,8515
2506,7237
2506,652
2506,813
2506,5193
2506,2494
2506,2753
2506,8002
2506,9131
2506,7525
2506,9004
2506,2627
2506,2153
2506,1426
2506,7341
2506,4863
2506,1
2506,8337
2506,5607
2506,6708
2506,1112
2506,3456
2506,5243
2506,4561
2506,2767
2506,3403
2506,529
2506,6604
2506,1414
2506,823
2506,3107
2506,8347
2506,7695
2506,9318
2506,7976
2506,1105
2506,8092
2506,5597
2506,8404
2506,6275
2506,3612
2506,8395
2506,2364
2506,4317
2506,5332
2506,1655
2506,2470
2506,5701
2506,5671
2506,5564
2506,9123
2506,9381
2506,2565
2506,2367
2506,2532
2506,6889
2506,8355
2506,8127
2506,7381
2506,3809
2506,671
2506,9192
2506,6357
2506,3440
2506,5859
2506,8534
2506,9265
2506,6148
2506,4747
2506,8493
2506,4883
2506,5893
2506,6791
2506,9453
2506,7556
2506,6214
2506,8022
2506,9202
2506,4955
2506,4014
2506,147
2506,791
2506,4034
2506,9205
2506,2991
2506,4715
2506,1860
2506,5045
2506,6802
2506,4598
2506,2400
2506,6595
2506,5845
2506,8706
2506,7554
2506,6961
2506,2341
2506,8533
2506,9427
2506,8903
2506,2900
2506,5456
2506,4543
2506,2516
2506,8501
2506,6471
2506,5063
2506,6008
2506,154
2506,2623
2506,1252
2506,8159
2506,9158
2506,2631
2506,9164
2506,1012
2506,3212
2506,7709
2506,5091
2506,6571
2506,3603
2506,6569
2506,5374
2506,2674
2506,9488
2506,756
2506,8055
2506,6859
2506,1760
2506,8381
2506,4141
2506,6697
2506,4842
2506,5497
2506,2694
2506,493
2506,2721
2506,8963
2506,1216
2506,5791
2506,7185
2506,5662
2506,3153
2506,6201
2506,1328
2506,4072
2506,4264
2506,2958
2506,1016
2506,6818
2506,907
2506,8476
2506,8620
2506,6495
2506,358
2506,8193
2506,370
2506,7916
2506,2951
2506,5502
2506,6522
2506,9614
2506,2298
2506,8020
2506,372
2506,577
2506,6208
2506,7278
2506,6288
2506,2537
2506,694
2506,10
2506,6729
2506,6728
2506,6024
2506,2208
2506,8063
2506,6440
2506,8703
2506,4219
2506,5532
2506,7376
2506,6142
2506,3529
2506,82
2506,7118
2506,3019
2506,3817
2506,4437
2506,4540
2506,7447
2506,5968
2506,2950
2506,3462
2506,2404
2506,3812
2506,2993
2506,1896
2506,9033
2506,4975
2506,1831
2506,2751
2506,1140
2506,8014
2506,6494
2506,4493
2506,160
2506,7285
2506,4851
2506,7770
2506,3903
2506,7907
2506,3828
2506,6405
2506,8449
2506,6713
2506,7205
2506,6792
2506,8883
2506,2929
2506,4775
2506,6443
2506,5789
2506,1055
2506,608
2506,2487
2506,3541
2506,2543
2506,6070
2506,1811
2506,9069
2506,7669
2506,5947
2506,4610
2506,7040
2506,4205
2506,8767
2506,6500
2506,4612
2506,8549
2506,4820
2506,3513
2506,8046
2506,5054
2506,4780
2506,8387
2506,7685
2506,4659
2506,7108
2506,5721
2506,3151
2506,8162
2506,8039
2506,4809
2506,7583
2506,8234
2506,2014
2506,6554
2506,5176
2506,4698
2506,4750
2506,7098
2506,802
2506,176
2506,2126
2506,7795
2506,6987
2506,7466
2506,3784
2506,6910
2506,5953
2506,3826
2506,6673
2506,2635
2506,2203
2506,6492
2506,5415
2506,5590
2506,8552
2506,1775
2506,1761
2506,595
2506,4866
2506,1316
2506,4708
2506,876
2506,3300
2506,9431
2506,5863
2506,9600
2506,2138
2506,7727
2506,9216
2506,8416
2506,6141
2506,115
2506,4710
2506,6376
2506,7176
2506,6078
2506,1481
2506,5022
2506,4826
2506,2272
2506,1550
2506,9049
2506,887
2506,6243
2506,1843
2506,3012
2506,4541
2506,3366
2506,8653
2506,7142
2506,9612
2506,206
2506,609
2506,8734
2506,2175
2506,5575
2506,8391
2506,9077
2506,1080
2506,5871
2506,6864
2506,6180
2506,6082
2506,2677
2506,6444
2506,4833
2506,2811
2506,6332
2506,5007
2506,1503
2506,7730
2506,1179
2506,8664
2506,7399
2506,7452
2506,5669
2506,2398
2506,263
2506,885
2506,8270
2506,4168
2506,7531
2506,5645
2506,8226
2506,6764
2506,4946
2506,9422
2506,2191
2506,9130
2506,3361
2506,6364
2506,7631
2506,7520
2506,3457
2506,5262
2506,3270
2506,5516
2506,1742
2506,3788
2506,8243
2506,9254
2506,1864
2506,9437
2506,714
2506,5720
2506,6804
2506,3848
2506,1971
2506,1089
2506,309
2506,5250
2506,1435
2506,4194
2506,6023
2506,2089
2506,7110
2506,3104
2506,1978
2506,5072
2506,3451
2506,1770
2506,3060
2506,1156
2506,6375
2506,5814
2506,2675
2506,182
2506,5435
2506,6321
2506,6200
2506,7809
2506,232
2506,4717
2506,3508
2506,1535
2506,4133
2506,6436
2506,7698
2506,4435
2506,7990
2506,5610
2506,1440
2506,6051
2506,1260
2506,8328
2506,4906
2506,8942
2506,5326
2506,2536
2506,4966
2506,9505
2506,2630
2506,5540
2506,5219
2506,6581
2506,1652
2506,267
2506,3145
2506,1845
2506,6540
2506,4613
2506,2568
2506,4313
2506,8574
2506,822
2506,1920
2506,8716
2506,4069
2506,4348
2506,8726
2506,5115
2506,6497
2506,9534
2506,7166
2506,3483
2506,9075
2506,9141
2506,3727
2506,8088
2506,8987
2506,2442
2506,7037
2506,1779
2506,306
2506,749
2506,7420
2506,3639
2506,508
2506,2756
2506,9250
2506,8081
2506,4339
2506,2353
2506,893
2506,8195
2506,3042
2506,186
2506,2778
2506,7825
2506,3589
2506,5305
2506,7567
2506,6022
2506,938
2506,3869
2506,6711
2506,2084
2506,3123
2506,1632
2506,5225
2506,3822
2506,1217
2506,2812
2506,2535
2506,7375
2506,7558
2506,827
2506,5734
2506,2275
2506,5460
2506,1290
2506,8124
2506,7449
2506,3068
2506,6094
2506,4062
2506,2071
2506,1608
2506,3112
2506,1444
2506,7906
2506,8540
2506,9412
2506,1509
2506,2862
2506,7633
2506,1081
2506,2358
2506,8461
2506,365
2506,6525
2506,9432
2506,1636
2506,9264
2506,9267
2506,502
2506,439
2506,860
2506,3643
2506,6654
2506,9345
2506,4607
2506,6439
2506,3805
2506,3744
2506,6991
2506,2011
2506,5079
2506,4962
2506,468
2506,7186
2506,1496
2506,4102
2506,8680
2506,7338
2506,5317
2506,1703
2506,8287
2506,1097
2506,2315
2506,5359
2506,7219
2506,8018
2506,2384
2506,1158
2506,4518
2506,862
2506,7230
2506,4855
2506,3080
2506,6916
2506,461
2506,459
2506,3369
2506,1312
2506,1190
2506,6622
2506,3092
2506,1374
2506,8346
2506,4201
2506,7139
2506,1619
2506,4094
2506,4049
2506,8805
2506,1051
2506,7614
2506,1853
2506,5656
2506,5712
2506,2063
2506,627
2506,6029
2506,3944
2506,3400
2506,8539
2506,2827
2506,6167
2506,2033
2506,7992
2506,545
2506,7649
2506,7604
2506,1132
2506,6967
2506,6343
2506,9072
2506,7499
2506,5318
2506,97
2506,9406
2506,1064
2506,6211
2506,7065
2506,6564
2506,2831
2506,5322
2506,7878
2506,252
2506,8213
2506,7486
2506,1822
2506,8698
2506,9037
2506,8710
2506,1070
2506,4952
2506,26
2506,4092
2506,2769
2506,3614
2506,8250
2506,389
2506,2796
2506,5916
2506,2489
2506,8931
2506,5037
2506,8920
2506,7061
2506,1349
2506,5942
2506,6718
2506,8003
2506,6731
2506,9085
2506,318
2506,9625
2506,664
2506,8516
2506,2383
2506,7510
2506,3804
2506,164
2506,9503
2506,5702
2506,2979
2506,6353
2506,6383
2506,2656
2506,6226
2506,8271
2506,1331
2506,1755
2506,5158
2506,67
2506,8517
2506,4685
2506,5965
2506,6421
2506,772
2506,2780
2506,3
2506,1873
2506,6639
2506,272
2506,5918
2506,4334
2506,2405
2506,8060
2506,2687
2506,8584
2506,1384
2506,2553
2506,5146
2506,7986
2506,2241
2506,1292
2506,6057
2506,4724
2506,2628
2506,8400
2506,5393
2506,8082
2506,3919
2506,3064
2506,273
2506,4436
2506,5557
2506,1663
2506,8750
2506,2001
2506,3937
2506,4804
2506,3367
2506,6098
2506,7470
2506,9558
2506,6644
2506,632
2506,277
2506,2178
2506,2902
2506,4655
2506,8614
2506,4064
2506,6312
2506,7415
2506,7859
2506,8596
2506,6767
2506,2967
2506,2007
2506,2596
2506,6192
2506,4511
2506,8397
2506,6826
2506,2732
2506,1133
2506,3416
2506,8362
2506,8153
2506,7485
2506,527
2506,6663
2506,6782
2506,302
2506,6297
2506,3443
2506,6799
2506,6462
2506,4984
2506,224
2506,3620
2506,68
2506,1515
2506,388
2506,2483
2506,3050
2506,8582
2506,1982
2506,7225
2506,3972
2506,7074
2506,7072
2506,9054
2506,1383
2506,3140
2506,4992
2506,1321
2506,3016
2506,352
2506,3898
2506,3853
2506,7595
2506,5793
2506,4018
2506,8415
2506,5463
2506,5967
2506,2533
2506,6772
2506,1141
2506,7780
2506,5723
2506,3650
2506,7696
2506,5587
2506,4451
2506,400
2506,1704
2506,3113
2506,6721
2506,5535
2506,7648
2506,6027
2506,6817
2506,1936
2506,8618
2506,4595
2506,7165
2506,715
2506,5917
2506,2493
2506,5652
2506,330
2506,6716
2506,8818
2506,8070
2506,3896
2506,8512
2506,2650
2506,5290
2506,8965
2506,262
2506,8992
2506,5333
2506,2508
2506,8553
2506,2968
2506,4492
2506,7082
2506,5831
2506,1474
2506,4114
2506,7726
2506,5420
2506,4882
2506,6939
2506,942
2506,124
2506,6501
2506,7435
2506,7216
2506,7143
2506,3915
2506,5038
2506,8869
2506,4881
2506,987
2506,3537
2506,3032
2506,9325
2506,5853
2506,6280
2506,7964
2506,2728
2506,5195
2506,1180
2506,3266
2506,3435
2506,8107
2506,872
2506,44
2506,2813
2506,6616
2506,6080
2506,1692
2506,8273
2506,1902
2506,4387
2506,6172
2506,473
2506,5135
2506,4880
2506,2934
2506,1773
2506,6043
2506,5188
2506,7816
2506,5666
2506,5996
2506,2637
2506,1272
2506,4601
2506,1802
2506,2975
2506,2086
2506,2321
2506,6445
2506,911
2506,648
2506,4980
2506,4888
2506,4644
2506,7575
2506,7436
2506,7943
2506,4035
2506,4774
2506,43
2506,7708
2506,5348
2506,2207
2506,451
2506,1136
2506,1776
2506,217
2506,5096
2506,7594
2506,2072
2506,3360
2506,7259
2506,1585
2506,5870
2506,963
2506,5062
2506,7257
2506,2051
2506,4764
2506,6860
2506,7717
2506,2234
2506,855
2506,6738
2506,8424
2506,2551
2506,409
2506,8258
2506,2642
2506,5071
2506,2534
2506,9118
2506,2029
2506,9445
2506,593
2506,7454
2506,2399
2506,1691
2506,7349
2506,5473
2506,9606
2506,3847
2506,9031
2506,5489
2506,7881
2506,5993
2506,1921
2506,1308
2506,7872
2506,9485
2506,4161
2506,7947
2506,7522
2506,3417
2506,2111
2506,3819
2506,6055
2506,4186
2506,9168
2506,2710
2506,4486
2506,8768
2506,2926
2506,7922
2506,8499
2506,6751
2506,4967
2506,4401
2506,923
2506,2444
2506,8597
2506,7571
2506,1677
2506,8615
2506,9510
2506,5923
2506,2969
2506,7769
2506,4733
2506,247
2506,7811
2506,8191
2506,4066
2506,146
2506,8700
2506,9255
2506,4298
2506,8636
2506,3964
2506,89
2506,377
2506,2263
2506,2639
2506,1361
2506,6688
2506,5274
2506,6963
2506,2789
2506,4569
2506,5511
2506,6914
2506,3238
2506,3025
2506,7939
2506,9414
2506,2659
2506,2559
2506,5478
2506,8069
2506,8157
2506,9341
2506,5987
2506,8119
2506,6739
2506,5419
2506,4286
2506,5239
2506,84
2506,2794
2506,7495
2506,7612
2506,5267
2506,582
2506,7157
2506,1847
2506,4949
2506,1807
2506,6720
2506,5370
2506,5785
2506,6900
2506,4942
2506,5567
2506,2872
2506,4513
2506,6906
2506,8216
2506,6686
2506,2408
2506,2775
2506,8091
2506,4337
2506,7306
2506,5397
2506,384
2506,3617
2506,3542
2506,4649
2506,1715
2506,4299
2506,3807
2506,2959
2506,7298
2506,843
2506,9478
2506,4737
2506,202
2506,3472
2506,4006
2506,6529
2506,6225
2506,1052
2506,975
2506,956
2506,6345
2506,5828
2506,9501
2506,2039
2506,7853
2506,7169
2506,5023
2506,8239
2506,4741
2506,9489
2506,1667
2506,871
2506,1880
2506,5034
2506,376
2506,5922
2506,1579
2506,9052
2506,6344
2506,3170
2506,2238
2506,6166
2506,8478
2506,3076
2506,7867
2506,7542
2506,3943
2506,1092
2506,9285
2506,1557
2506,7048
2506,1071
2506,1223
2506,7681
2506,8904
2506,6830
2506,3862
2506,4617
2506,8284
2506,7735
2506,1634
2506,2151
2506,5787
2506,8202
2506,8375
2506,2088
2506,4188
2506,5139
2506,5526
2506,2938
2506,6209
2506,8855
2506,5145
2506,8739
2506,610
2506,4797
2506,69
2506,9483
2506,9565
2506,88
2506,3806
2506,6806
2506,70
2506,5969
2506,912
2506,7353
2506,3996
2506,8545
2506,1838
2506,6154
2506,3527
2506,2595
2506,7876
2506,2449
2506,8885
2506,4727
2506,1986
2506,5012
2506,5675
2506,7083
2506,4538
2506,3241
2506,8770
2506,5690
2506,2229
2506,4972
2506,3100
2506,9010
2506,7731
2506,4697
2506,2480
2506,3661
2506,3132
2506,2944
2506,1259
2506,8247
2506,1478
2506,1098
2506,3916
2506,2666
2506,4305
2506,8850
2506,1201
2506,6007
2506,7933
2506,3548
2506,3518
2506,1974
2506,424
2506,5383
2506,2870
2506,5649
2506,5248
2506,6742
2506,1202
2506,6193
2506,4662
2506,1243
2506,5491
2506,7596
2506,286
2506,5024
2506,1581
2506,6689
2506,4941
2506,1706
2506,1085
2506,2361
2506,8229
2506,3611
2506,793
2506,716
2506,3268
2506,2563
2506,9348
2506,5418
2506,8898
2506,5646
2506,3224
2506,167
2506,2828
2506,2945
2506,4479
2506,1436
2506,1343
2506,2871
2506,4009
2506,3808
2506,7227
2506,1042
2506,3715
2506,8952
2506,950
2506,3609
2506,1248
2506,8996
2506,2714
2506,9603
2506,9435
2506,913
2506,178
2506,6139
2506,6084
2506,7938
2506,4095
2506,569
2506,63
2506,1855
2506,9073
2506,4294
2506,7552
2506,2997
2506,7972
2506,2620
2506,7228
2506,9105
2506,5697
2506,8181
2506,507
2506,1032
2506,1567
2506,1998
2506,7754
2506,5934
2506,2458
2506,9493
2506,8657
2506,1729
2506,9429
2506,7383
2506,8752
2506,560
2506,6579
2506,6854
2506,4554
2506,1398
2506,6173
2506,1500
2506,5081
2506,7995
2506,3753
2506,2319
2506,878
2506,4779
2506,3052
2506,7532
2506,2855
2506,193
2506,8027
2506,8423
2506,2460
2506,5544
2506,6071
2506,7746
2506,9082
2506,6602
2506,881
2506,8573
2506,9091
2506,5342
2506,1903
2506,7297
2506,8050
2506,5898
2506,8902
2506,2152
2506,1888
2506,7616
2506,2332
2506,7184
2506,6395
2506,3624
2506,9444
2506,2705
2506,3740
2506,1975
2506,3500
2506,7304
2506,3771
2506,9203
2506,4429
2506,4454
2506,1004
2506,6586
2506,8281
2506,7920
2506,6674
2506,6591
2506,8256
2506,8867
2506,6701
2506,3913
2506,3952
2506,6945
2506,3347
2506,9329
2506,1842
2506,4626
2506,4994
2506,1449
2506,3318
2506,7766
2506,1008
2506,9410
2506,7296
2506,1511
2506,5788
2506,6174
2506,7295
2506,6434
2506,79
2506,1980
2506,5197
2506,1981
2506,1306
2506,3655
2506,5050
2506,4261
2506,4260
2506,753
2506,6724
2506,3485
2506,2649
2506,8762
2506,2663
2506,8096
2506,4152
2506,8004
2506,6733
2506,503
2506,2952
2506,9613
2506,708
2506,1915
2506,7584
2506,6079
2506,2571
2506,4206
2506,7894
2506,4843
2506,1616
2506,3014
2506,3285
2506,4442
2506,7682
2506,6131
2506,6257
2506,9571
2506,7446
2506,2768
2506,2171
2506,1400
2506,8321
2506,5592
2506,6835
2506,6108
2506,2869
2506,890
2506,3628
2506,3786
2506,3978
2506,6855
2506,5781
2506,4719
2506,575
2506,8198
2506,3710
2506,441
2506,4273
2506,8114
2506,6464
2506,9030
2506,5962
2506,8009
2506,1352
2506,3908
2506,6719
2506,5716
2506,8890
2506,7145
2506,3561
2506,7914
2506,27
2506,9115
2506,5351
2506,6573
2506,1438
2506,4729
2506,6455
2506,4274
2506,4501
2506,4017
2506,883
2506,8029
2506,7691
2506,2645
2506,6482
2506,8557
2506,6300
2506,4588
2506,9338
2506,2679
2506,2429
2506,2316
2506,8028
2506,2990
2506,6072
2506,2960
2506,782
2506,2471
2506,5350
2506,4117
2506,4389
2506,3638
2506,4496
2506,4736
2506,5236
2506,5945
2506,4783
2506,5658
2506,6147
2506,9278
2506,1858
2506,438
2506,4536
2506,2103
2506,5384
2506,5130
2506,514
2506,5399
2506,90
2506,3607
2506,1455
2506,5044
2506,5600
2506,8492
2506,256
2506,3813
2506,3794
2506,5897
2506,215
2506,5343
2506,3031
2506,5776
2506,149
2506,8169
2506,5426
2506,9587
2506,5276
2506,8551
2506,8830
2506,9209
2506,8616
2506,6915
2506,5536
2506,1235
2506,6882
2506,7287
2506,3345
2506,5944
2506,8702
2506,574
2506,1800
2506,7578
2506,8623
2506,31
2506,4327
2506,3503
2506,113
2506,2908
2506,6819
2506,2266
2506,4961
2506,623
2506,1493
2506,1851
2506,8377
2506,8895
2506,961
2506,6121
2506,1228
2506,1953
2506,7334
2506,1434
2506,6287
2506,7815
2506,5524
2506,7263
2506,5171
2506,1472
2506,481
2506,7490
2506,8420
2506,4148
2506,9344
2506,8257
2506,4322
2506,3564
2506,6028
2506,5528
2506,5624
2506,4468
2506,713
2506,7311
2506,5302
2506,7424
2506,9512
2506,8359
2506,7526
2506,2342
2506,5159
2506,5051
2506,5565
2506,2886
2506,7788
2506,2012
2506,310
2506,7434
2506,6256
2506,5118
2506,5704
2506,94
2506,3290
2506,3986
2506,340
2506,5978
2506,845
2506,4229
2506,521
2506,4425
2506,6493
2506,2686
2506,5053
2506,3619
2506,3023
2506,2149
2506,3843
2506,5641
2506,6020
2506,5339
2506,1212
2506,4650
2506,3953
2506,5008
2506,1053
2506,7462
2506,7113
2506,7911
2506,7719
2506,6626
2506,3343
2506,8709
2506,9356
2506,8655
2506,5149
2506,8941
2506,5832
2506,790
2506,6442
2506,1450
2506,9113
2506,1889
2506,8687
2506,8989
2506,1029
2506,472
2506,8907
2506,5719
2506,8945
2506,4680
2506,1402
2506,2846
2506,3877
2506,4342
2506,1516
2506,9155
2506,2604
2506,5028
2506,9063
2506,7741
2506,8544
2506,1009
2506,2891
2506,9443
2506,3748
2506,5873
2506,7162
2506,3599
2506,7863
2506,4517
2506,7254
2506,8660
2506,825
2506,3698
2506,7021
2506,3455
2506,8840
2506,7204
2506,6693
2506,2976
2506,3329
2506,29
2506,11
2506,5559
2506,1895
2506,5591
2506,8693
2506,6506
2506,1673
2506,1077
2506,710
2506,2964
2506,2762
2506,7672
2506,4247
2506,1181
2506,4810
2506,1649
2506,1157
2506,5315
2506,6672
2506,2962
2506,7586
2506,4455
2506,3925
2506,5041
2506,4231
2506,7862
2506,1532
2506,1039
2506,668
2506,7497
2506,7818
2506,9258
2506,7924
2506,9245
2506,3024
2506,7570
2506,1900
2506,250
2506,6749
2506,1295
2506,3998
2506,8625
2506,4957
2506,5523
2506,2334
2506,4284
2506,7309
2506,81
2506,3059
2506,7918
2506,8819
2506,5508
2506,259
2506,4953
2506,4318
2506,3480
2506,1758
2506,1989
2506,2300
2506,7949
2506,1280
2506,8607
2506,3495
2506,4181
2506,5228
2506,8085
2506,4525
2506,6549
2506,1576
2506,2720
2506,3136
2506,4333
2506,5214
2506,2678
2506,2094
2506,4384
2506,1833
2506,8594
2506,594
2506,1457
2506,5936
2506,8255
2506,1705
2506,616
2506,5633
2506,7950
2506,3467
2506,8859
2506,5039
2506,5576
2506,6054
2506,7997
2506,2878
2506,7772
2506,1143
2506,846
2506,8977
2506,6496
2506,9109
2506,7827
2506,9100
2506,7666
2506,7421
2506,2877
2506,5147
2506,2632
2506,7888
2506,7865
2506,7728
2506,3711
2506,492
2506,6323
2506,5310
2506,932
2506,17
2506,4084
2506,6952
2506,8411
2506,901
2506,737
2506,104
2506,5667
2506,4587
2506,5929
2506,2379
2506,3535
2506,7838
2506,4112
2506,3079
2506,6638
2506,5347
2506,65
2506,5330
2506,6322
2506,8144
2506,7463
2506,4085
2506,3530
2506,6722
2506,93
2506,9087
2506,4460
2506,1102
2506,4769
2506,1027
2506,2161
2506,7433
2506,8487
2506,3606
2506,3178
2506,6600
2506,4075
2506,4290
2506,7019
2506,7232
2506,850
2506,191
2506,1250
2506,4954
2506,5268
2506,1530
2506,9048
2506,4532
2506,5958
2506,9425
2506,6033
2506,6158
2506,5151
2506,3118
2506,578
2506,4822
2506,8192
2506,4107
2506,5232
2506,4568
2506,5951
2506,669
2506,6490
2506,6338
2506,8175
2506,220
2506,9210
2506,2641
2506,8571
2506,5638
2506,386
2506,9169
2506,7134
2506,615
2506,798
2506,3053
2506,7402
2506,1645
2506,9621
2506,380
2506,6469
2506,8094
2506,5784
2506,131
2506,1050
2506,1533
2506,5973
2506,4720
2506,1420
2506,1433
2506,5770
2506,374
2506,2259
2506,3720
2506,6491
2506,1925
2506,6085
2506,2673
2506,1676
2506,3393
2506,688
2506,6919
2506,8204
2506,3533
2506,2291
2506,7283
2506,1388
2506,837
2506,2193
2506,5102
2506,6175
2506,5695
2506,2844
2506,1154
2506,3410
2506,1480
2506,1501
2506,6105
2506,4910
2506,7053
2506,7921
2506,4947
2506,159
2506,5724
2506,9240
2506,4065
2506,8361
2506,3043
2506,3867
2506,4853
2506,7146
2506,7152
2506,7256
2506,3160
2506,3827
2506,8780
2506,2757
2506,781
2506,144
2506,5558
2506,5303
2506,8363
2506,4039
2506,2861
2506,2204
2506,444
2506,7007
2506,1623
2506,8586
2506,6858
2506,4714
2506,8954
2506,1258
2506,8809
2506,8832
2506,7045
2506,3441
2506,7002
2506,7535
2506,1418
2506,6337
2506,559
2506,9331
2506,8665
2506,8232
2506,5746
2506,8473
2506,4449
2506,509
2506,8502
2506,3473
2506,8593
2506,9333
2506,7537
2506,673
2506,2856
2506,3872
2506,7389
2506,7991
2506,5868
2506,9092
2506,8403
2506,7626
2506,5940
2506,4755
2506,7303
2506,6373
2506,6642
2506,3470
2506,8344
2506,4585
2506,6748
2506,6013
2506,5599
2506,1534
2506,3342
2506,5472
2506,4063
2506,4338
2506,1573
2506,3531
2506,5937
2506,5618
2506,4666
2506,2351
2506,583
2506,5817
2506,1385
2506,6178
2506,5949
2506,3074
2506,5699
2506,201
2506,3694
2506,918
2506,2271
2506,4209
2506,3294
2506,4619
2506,8240
2506,3783
2506,5506
2506,6615
2506,6116
2506,3223
2506,4096
2506,1412
2506,9
2506,7290
2506,1045
2506,5215
2506,7929
2506,1174
2506,2901
2506,5217
2506,4030
2506,2006
2506,3126
2506,3448
2506,9266
2506,4320
2506,3379
2506,8786
2506,562
2506,5504
2506,6239
2506,1483
2506,761
2506,8823
2506,1403
2506,1783
2506,1518
2506,1443
2506,3818
2506,2073
2506,4958
2506,2232
2506,1548
2506,7683
2506,7968
2506,2763
2506,3225
2506,1723
2506,5047
2506,6038
2506,9382
2506,166
2506,5049
2506,4912
2506,6596
2506,5165
2506,4203
2506,2354
2506,5221
2506,471
2506,7088
2506,242
2506,5688
2506,20
2506,6064
2506,5218
2506,287
2506,1019
2506,2233
2506,8984
2506,123
2506,8252
2506,5554
2506,8541
2506,8756
2506,1043
2506,6088
2506,8810
2506,2616
2506,8299
2506,4858
2506,117
2506,8936
2506,6603
2506,4939
2506,2222
2506,4824
2506,8206
2506,4596
2506,8940
2506,5976
2506,2510
2506,4893
2506,8464
2506,9147
2506,3447
2506,1856
2506,2147
2506,8686
2506,4604
2506,667
2506,554
2506,797
2506,2205
2506,7883
2506,3328
2506,4167
2506,5744
2506,9549
2506,3592
2506,341
2506,4193
2506,4137
2506,6394
2506,1647
2506,5475
2506,3299
2506,1660
2506,1829
2506,3056
2506,4343
2506,672
2506,7860
2506,7937
2506,9126
2506,132
2506,5259
2506,1861
2506,9003
2506,3130
2506,2909
2506,4834
2506,3484
2506,2428
2506,6075
2506,1801
2506,3940
2506,9222
2506,1863
2506,6705
2506,927
2506,7324
2506,3957
2506,2785
2506,6365
2506,965
2506,8661
2506,2910
2506,4464
2506,183
2506,5514
2506,2443
2506,3353
2506,5510
2506,5201
2506,9405
2506,9244
2506,1401
2506,3269
2506,7224
2506,7702
2506,4996
2506,6867
2506,8228
2506,9317
2506,1165
2506,2426
2506,6508
2506,103
2506,2921
2506,1176
2506,3018
2506,8269
2506,4711
2506,8486
2506,3856
2506,3114
2506,4010
2506,9590
2506,5826
2506,3844
2506,3144
2506,2603
2506,3501
2506,6745
2506,5124
2506,1999
2506,3627
2506,3298
2506,2201
2506,3265
2506,3364
2506,8015
2506,8236
2506,8426
2506,6017
2506,9426
2506,9461
2506,966
2506,1152
2506,9288
2506,1736
2506,4745
2506,8373
2506,6125
2506,3149
2506,2615
2506,9135
2506,5032
2506,1267
2506,9106
2506,5771
2506,8048
2506,2079
2506,9449
2506,2779
2506,9068
2506,6926
2506,6485
2506,3291
2506,9187
2506,1442
2506,3911
2506,2437
2506,935
2506,8643
2506,8727
2506,5670
2506,3932
2506,7008
2506,6336
2506,2652
2506,4841
2506,801
2506,1798
2506,4028
2506,1812
2506,511
2506,4314
2506,3289
2506,111
2506,5263
2506,2954
2506,4689
2506,7390
2506,5560
2506,7864
2506,6433
2506,4535
2506,50
2506,33
2506,6203
2506,2726
2506,2352
2506,7144
2506,7948
2506,8910
2506,2454
2506,7455
2506,5335
2506,8735
2506,5025
2506,9220
2506,2695
2506,1671
2506,3273
2506,7744
2506,455
2506,9057
2506,1607
2506,1329
2506,7778
2506,7006
2506,6617
2506,4527
2506,4576
2506,3147
2506,5946
2506,1572
2506,2262
2506,6879
2506,8999
2506,2018
2506,5556
2506,4993
2506,4276
2506,3820
2506,5778
2506,3559
2506,4408
2506,1399
2506,5707
2506,1622
2506,1637
2506,8900
2506,6839
2506,2880
2506,4081
2506,6597
2506,8982
2506,5306
2506,1382
2506,4324
2506,1135
2506,177
2506,3460
2506,1547
2506,4202
2506,3777
2506,1169
2506,313
2506,6743
2506,5080
2506,3264
2506,275
2506,9347
2506,5417
2506,7775
2506,5909
2506,7942
2506,8610
2506,9424
2506,5796
2506,3579
2506,3604
2506,1726
2506,38
2506,7713
2506,9144
2506,5434
2506,2249
2506,7970
2506,2509
2506,7039
2506,8878
2506,5471
2506,5901
2506,8325
2506,3662
2506,7174
2506,4944
2506,6035
2506,1865
2506,4453
2506,7533
2506,2445
2506,6966
2506,7787
2506,6894
2506,1654
2506,1935
2506,2614
2506,8005
2506,6769
2506,5465
2506,8276
2506,6539
2506,3020
2506,7361
2506,8696
2506,9139
2506,5235
2506,499
2506,844
2506,316
2506,2713
2506,3228
2506,1668
2506,5935
2506,2847
2506,6700
2506,6087
2506,4627
2506,8414
2506,4195
2506,7498
2506,8732
2506,6634
2506,1289
2506,7022
2506,7670
2506,6948
2506,8766
2506,2451
2506,5127
2506,8389
2506,4782
2506,9026
2506,2287
2506,8892
2506,319
2506,8668
2506,4886
2506,2795
2506,9107
2506,9570
2506,7106
2506,5371
2506,9225
2506,2129
2506,6109
2506,2017
2506,6814
2506,7482
2506,301
2506,8641
2506,6238
2506,5640
2506,4524
2506,8911
2506,6820
2506,533
2506,4407
2506,4147
2506,1685
2506,2777
2506,1122
2506,731
2506,9252
2506,7773
2506,6117
2506,3069
2506,2724
2506,8320
2506,6120
2506,2648
2506,6074
2506,8929
2506,1965
2506,2355
2506,5815
2506,8519
2506,7975
2506,3567
2506,8948
2506,7175
2506,288
2506,3755
2506,1844
2506,5952
2506,5457
2506,5458
2506,4321
2506,7177
2506,5301
2506,5076
2506,4721
2506,1005
2506,6808
2506,5340
2506,1628
2506,8568
2506,8736
2506,8231
2506,3729
2506,8001
2506,4959
2506,2562
2506,5755
2506,1633
2506,3335
2506,2566
2506,2258
2506,8326
2506,8906
2506,5233
2506,1830
2506,3171
2506,204
2506,9557
2506,2337
2506,8673
2506,3790
2506,6052
2506,7560
2506,5040
2506,1939
2506,3274
2506,1060
2506,2440
2506,4204
2506,4183
2506,8631
2506,6251
2506,4578
2506,9145
2506,3588
2506,261
2506,1010
2506,9185
2506,2227
2506,478
2506,9309
2506,2307
2506,1291
2506,4248
2506,36
2506,611
2506,3897
2506,7511
2506,1410
2506,3082
2506,9506
2506,4623
2506,8602
2506,8803
2506,3051
2506,4400
2506,7374
2506,41
2506,9032
2506,1821
2506,4852
2506,2036
2506,7752
2506,2925
2506,2514
2506,1764
2506,8978
2506,9142
2506,6703
2506,653
2506,4000
2506,5199
2506,6432
2506,2209
2506,547
2506,7104
2506,3271
2506,2253
2506,4349
2506,2558
2506,4386
2506,6712
2506,2681
2506,6403
2506,8093
2506,7873
2506,1058
2506,1967
2506,6761
2506,6838
2506,1682
2506,2085
2506,3354
2506,8372
2506,8918
2506,3712
2506,4902
2506,5884
2506,5493
2506,4602
2506,5021
2506,2941
2506,9200
2506,7385
2506,6356
2506,403
2506,8245
2506,7238
2506,2326
2506,6723
2506,518
2506,2279
2506,3615
2506,728
2506,8290
2506,7348
2506,8071
2506,9474
2506,8873
2506,5059
2506,2202
2506,3288
2506,8310
2506,8959
2506,5743
2506,8578
2506,426
2506,7662
2506,4694
2506,2636
2506,2164
2506,4091
2506,3746
2506,532
2506,5121
2506,5819
2506,71
2506,8183
2506,5100
2506,9508
2506,7262
2506,8241
2506,670
2506,7099
2506,2994
2506,3629
2506,8763
2506,258
2506,861
2506,8376
2506,536
2506,6453
2506,5550
2506,9039
2506,7155
2506,8345
2506,5479
2506,4485
2506,7217
2506,1324
2506,3677
2506,1694
2506,2031
2506,9191
2506,555
2506,7373
2506,9029
2506,8073
2506,5902
2506,4191
2506,5143
2506,4735
2506,8179
2506,3881
2506,6253
2506,1919
2506,7070
2506,9223
2506,985
2506,745
2506,7743
2506,614
2506,4799
2506,8650
2506,1083
2506,5211
2506,7508
2506,1277
2506,5450
2506,5866
2506,7307
2506,4603
2506,6676
2506,6953
2506,8026
2506,7281
2506,6006
2506,2575
2506,9379
2506,5231
2506,5879
2506,2833
2506,1582
2506,4179
2506,1196
2506,5300
2506,9042
2506,1062
2506,8148
2506,7882
2506,4263
2506,4965
2506,5445
2506,2980
2506,5242
2506,1293
2506,3232
2506,4500
2506,1818
2506,3310
2506,2309
2506,2731
2506,1392
2506,3363
2506,1056
2506,3570
2506,873
2506,1365
2506,7258
2506,5703
2506,2888
2506,4087
2506,1609
2506,599
2506,6754
2506,6277
2506,6805
2506,4199
2506,8604
2506,1615
2506,6784
2506,517
2506,4265
2506,5762
2506,9408
2506,7488
2506,7480
2506,4134
2506,128
2506,9133
2506,1113
2506,6220
2506,8388
2506,4653
2506,5190
2506,1459
2506,7598
2506,9526
2506,3390
2506,8084
2506,553
2506,9190
2506,5400
2506,5977
2506,7966
2506,9174
2506,1540
2506,1327
2506,4185
2506,7202
2506,1142
2506,8207
2506,1574
2506,126
2506,5512
2506,6270
2506,7023
2506,4537
2506,5812
2506,8637
2506,5824
2506,4278
2506,6960
2506,8531
2506,1409
2506,5919
2506,3055
2506,6091
2506,3909
2506,9618
2506,754
2506,2090
2506,5948
2506,1332
2506,9328
2506,5117
2506,7774
2506,1065
2506,9591
2506,6138
2506,4474
2506,7646
2506,1204
2506,4920
2506,6956
2506,3301
2506,2196
2506,490
2506,2391
2506,4434
2506,1996
2506,6917
2506,6128
2506,9163
2506,3321
2506,8672
2506,2806
2506,2808
2506,6520
2506,5715
2506,4844
2506,7707
2506,3247
2506,4365
2506,9336
2506,2010
2506,8822
2506,3349
2506,6415
2506,8879
2506,2281
2506,9053
2506,5196
2506,7908
2506,8613
2506,2365
2506,2325
2506,6058
2506,8667
2506,2626
2506,1942
2506,2889
2506,98
2506,96
2506,248
2506,6636
2506,6568
2506,4127
2506,1150
2506,417
2506,914
2506,5083
2506,2750
2506,6311
2506,7961
2506,9086
2506,2441
2506,5157
2506,4964
2506,9213
2506,3442
2506,9438
2506,6014
2506,4999
2506,8889
2506,617
2506,4563
2506,347
2506,7101
2506,6810
2506,3468
2506,5745
2506,1311
2506,1411
2506,7251
2506,8908
2506,7492
2506,4385
2506,1868
2506,7823
2506,6140
2506,1348
2506,1674
2506,2317
2506,9306
2506,5240
2506,4845
2506,4471
2506,7064
2506,5163
2506,6561
2506,8866
2506,6110
2506,4178
2506,6107
2506,6463
2506,7749
2506,1937
2506,4159
2506,6680
2506,7678
2506,5027
2506,5273
2506,3422
2506,4567
2506,5271
2506,2211
2506,1203
2506,4227
2506,3122
2506,711
2506,6126
2506,6241
2506,6111
2506,4016
2506,5943
2506,4315
2506,6557
2506,2619
2506,2984
2506,4480
2506,7119
2506,4646
2506,8248
2506,9170
2506,7545
2506,5494
2506,7625
2506,8418
2506,4353
2506,1566
2506,1347
2506,3193
2506,7233
2506,1175
2506,3657
2506,6411
2506,2135
2506,5620
2506,6484
2506,9507
2506,2496
2506,1934
2506,7832
2506,5706
2506,6240
2506,2676
2506,216
2506,3137
2506,8275
2506,3090
2506,3681
2506,4184
2506,2344
2506,7253
2506,5482
2506,6219
2506,8630
2506,8635
2506,613
2506,8
2506,334
2506,6690
2506,5208
2506,2285
2506,598
2506,4071
2506,2590
2506,4691
2506,8298
2506,8122
2506,3406
2506,7932
2506,9627
2506,4742
2506,9176
2506,1381
2506,4441
2506,4104
2506,2294
2506,4223
2506,7377
2506,3857
2506,1653
2506,7111
2506,5255
2506,2698
2506,859
2506,1040
2506,4760
2506,4450
2506,9291
2506,5331
2506,1304
2506,6040
2506,3875
2506,3610
2506,4864
2506,5507
2506,3389
2506,1294
2506,6099
2506,5727
2506,9413
2506,9232
2506,5480
2506,5184
2506,3316
2506,6122
2506,2030
2506,4752
2506,8218
2506,1068
2506,2665
2506,7951
2506,6115
2506,4560
2506,1849
2506,8507
2506,3787
2506,524
2506,8521
2506,6358
2506,7712
2506,757
2506,6630
2506,4472
2506,1823
2506,5823
2506,4663
2506,7539
2506,5064
2506,2035
2506,8421
2506,4120
2506,9084
2506,5019
2506,6982
2506,5224
2506,5861
2506,3934
2506,9602
2506,8776
2506,328
2506,8546
2506,8394
2506,7755
2506,175
2506,7286
2506,2561
2506,1485
2506,5799
2506,1432
2506,2820
2506,959
2506,1537
2506,894
2506,257
2506,1972
2506,6059
2506,3989
2506,8656
2506,8468
2506,4128
2506,2587
2506,6885
2506,1857
2506,6456
2506,5759
2506,345
2506,30
2506,8998
2506,7931
2506,4490
2506,5668
2506,8876
2506,709
2506,4847
2506,7954
2506,2475
2506,7782
2506,3885
2506,4971
2506,8629
2506,2069
2506,2876
2506,1727
2506,7858
2506,8532
2506,2362
2506,5429
2506,2395
2506,1300
2506,3086
2506,640
2506,8909
2506,4515
2506,1901
2506,456
2506,8095
2506,235
2506,2987
2506,2530
2506,3689
2506,6865
2506,9233
2506,723
2506,7028
2506,3007
2506,9456
2506,4551
2506,2894
2506,3320
2506,1350
2506,497
2506,4176
2506,8626
2506,929
2506,390
2506,7568
2506,4025
2506,877
2506,1963
2506,7530
2506,8340
2506,7308
2506,1486
2506,1477
2506,475
2506,5725
2506,5846
2506,6295
2506,3239
2506,8647
2506,6809
2506,4699
2506,8645
2506,8968
2506,9132
2506,581
2506,8087
2506,3210
2506,1116
2506,5341
2506,2518
2506,278
2506,32
2506,7996
2506,4725
2506,9463
2506,6611
2506,7249
2506,6635
2506,4859
2506,9556
2506,3512
2506,311
2506,4080
2506,4475
2506,2322
2506,4200
2506,2747
2506,3156
2506,7314
2506,6556
2506,3591
2506,8955
2506,200
2506,4351
2506,3910
2506,7661
2506,7800
2506,7115
2506,9337
2506,5547
2506,437
2506,7046
2506,6273
2506,3350
2506,2174
2506,5601
2506,3395
2506,7834
2506,2918
2506,5566
2506,6447
2506,1182
2506,1756
2506,557
2506,1417
2506,5613
2506,4051
2506,7637
2506,2824
2506,6992
2506,7024
2506,895
2506,1233
2506,379
2506,3466
2506,6598
2506,8692
2506,3323
2506,5285
2506,4531
2506,4929
2506,6097
2506,1114
2506,8705
2506,8019
2506,2116
2506,5103
2506,6378
2506,2735
2506,4491
2506,7328
2506,6570
2506,8178
2506,6999
2506,2242
2506,2866
2506,3091
2506,5438
2506,5364
2506,7080
2506,4198
2506,7116
2506,2554
2506,6837
2506,7413
2506,8367
2506,9593
2506,6246
2506,7422
2506,1866
2506,6095
2506,7807
2506,9083
2506,2701
2506,3852
2506,9270
2506,9428
2506,8951
2506,7759
2506,5327
2506,1630
2506,7969
2506,8301
2506,8893
2506,3558
2506,8249
2506,3782
2506,6911
2506,4624
2506,8392
2506,5432
2506,5680
2506,2868
2506,4542
2506,6695
2506,5519
2506,2526
2506,8032
2506,5966
2506,4347
2506,5192
2506,8442
2506,6868
2506,7819
2506,9448
2506,3272
2506,6161
2506,2003
2506,4684
2506,7192
2506,4877
2506,2074
2506,8652
2506,1336
2506,4376
2506,6807
2506,2282
2506,3376
2506,5462
2506,6913
2506,2180
2506,8219
2506,5150
2506,1421
2506,3022
2506,7956
2506,1339
2506,5769
2506,2711
2506,4526
2506,8761
2506,7330
2506,1360
2506,9319
2506,3774
2506,9402
2506,2983
2506,2912
2506,2013
2506,9326
2506,1416
2506,2727
2506,8329
2506,5621
2506,951
2506,4615
2506,6010
2506,6100
2506,6510
2506,6063
2506,8052
2506,5865
2506,7340
2506,8457
2506,7412
2506,360
2506,7051
2506,4584
2506,22
2506,5986
2506,1387
2506,7270
2506,3206
2506,1964
2506,8427
2506,1571
2506,3220
2506,1586
2506,1894
2506,8158
2506,3760
2506,142
2506,64
2506,6670
2506,3577
2506,214
2506,3309
2506,1337
2506,7079
2506,1589
2506,3846
2506,7953
2506,968
2506,6176
2506,1366
2506,4011
2506,1891
2506,696
2506,751
2506,7220
2506,4459
2506,7851
2506,3099
2506,4326
2506,1395
2506,7229
2506,5128
2506,9490
2506,2000
2506,1820
2506,305
2506,1675
2506,8820
2506,5639
2506,999
2506,2244
2506,8961
2506,7362
2506,1492
2506,1799
2506,931
2506,3481
2506,8309
2506,2491
2506,6446
2506,6734
2506,5837
2506,3386
2506,3714
2506,9540
2506,3159
2506,5237
2506,7720
2506,4608
2506,7013
2506,274
2506,6000
2506,955
2506,9149
2506,6717
2506,6015
2506,530
2506,1720
2506,2423
2506,8579
2506,586
2506,3914
2506,592
2506,7952
2506,6659
2506,4158
2506,9173
2506,3851
2506,795
2506,6641
2506,9178
2506,526
2506,9097
2506,4690
2506,1285
2506,989
2506,1575
2506,2588
2506,3196
2506,2350
2506,4414
2506,4115
2506,1544
2506,6509
2506,474
2506,2699
2506,8737
2506,312
2506,4124
2506,5783
2506,9251
2506,8297
2506,8494
2506,1119
2506,8402
2506,7395
2506,5104
2506,4463
2506,3040
2506,8725
2506,2736
2506,8479
2506,7677
2506,9601
2506,6372
2506,5546
2506,2725
2506,5325
2506,4516
2506,5517
2506,4756
2506,6171
2506,7384
2506,1599
2506,6
2506,4240
2506,3575
2506,3332
2506,1956
2506,4616
2506,3380
2506,4013
2506,1015
2506,6048
2506,4634
2506,6104
2506,3017
2506,3768
2506,1067
2506,7514
2506,6813
2506,1551
2506,2313
2506,2680
2506,8293
2506,4839
2506,2132
2506,37
2506,6483
2506,1606
2506,6572
2506,3061
2506,7167
2506,5253
2506,2606
2506,4977
2506,2592
2506,5999
2506,6106
2506,5777
2506,7855
2506,364
2506,4978
2506,3116
2506,4363
2506,4163
2506,125
2506,5927
2506,422
2506,3825
2506,5938
2506,2696
2506,7959
2506,7335
2506,9230
2506,8265
2506,9440
2506,4682
2506,3204
2506,5622
2506,2949
2506,9545
2506,4606
2506,7512
2506,3514
2506,6918
2506,5270
2506,4427
2506,1286
2506,7322
2506,5908
2506,2070
2506,8609
2506,5659
2506,2335
2506,7112
2506,9034
2506,3859
2506,576
2506,4495
2506,7647
2506,5790
2506,2905
2506,8054
2506,7063
2506,2555
2506,2137
2506,4001
2506,6768
2506,7444
2506,3695
2506,3956
2506,2482
2506,2124
2506,9064
2506,2825
2506,1876
2506,6331
2506,1580
2506,7493
2506,5648
2506,3139
2506,4709
2506,1749
2506,8628
2506,3987
2506,2312
2506,4197
2506,7615
2506,9011
2506,3497
2506,8319
2506,6949
2506,5742
2506,383
2506,948
2506,5801
2506,8666
2506,3284
2506,8209
2506,1927
2506,8291
2506,9460
2506,5381
2506,5056
2506,5921
2506,8793
2506,2772
2506,5160
2506,1006
2506,8831
2506,7484
2506,3569
2506,3891
2506,8974
2506,6187
2506,930
2506,6757
2506,1527
2506,5534
2506,7783
2506,2016
2506,2008
2506,6746
2506,6872
2506,6380
2506,8881
2506,7487
2506,2688
2506,5075
2506,3904
2506,9101
2506,6946
2506,3444
2506,3157
2506,6576
2506,3445
2506,1570
2506,8874
2506,2539
2506,8316
2506,2252
2506,3089
2506,2478
2506,7276
2506,445
2506,448
2506,9301
2506,3066
2506,8518
2506,1471
2506,6169
2506,4581
2506,7710
2506,2403
2506,2545
2506,8985
2506,2936
2506,619
2506,9242
2506,3815
2506,7663
2506,9562
2506,3886
2506,7718
2506,8380
2506,1867
2506,7100
2506,8633
2506,9582
2506,3078
2506,6195
2506,375
2506,2221
2506,406
2506,5586
2506,9434
2506,6521
2506,2243
2506,2708
2506,3703
2506,2661
2506,8612
2506,925
2506,3924
2506,9257
2506,5356
2506,3860
2506,4361
2506,2857
2506,6031
2506,2320
2506,588
2506,2965
2506,1506
2506,5588
2506,5589
2506,1494
2506,8922
2506,679
2506,9171
2506,8919
2506,9081
2506,3453
2506,5895
2506,8008
2506,3917
2506,1767
2506,4988
2506,8304
2506,2919
2506,8520
2506,2843
2506,122
2506,6833
2506,1153
2506,12
2506,6780
2506,6076
2506,3562
2506,5754
2506,6747
2506,9138
2506,7325
2506,1680
2506,6771
2506,5360
2506,6448
2506,4871
2506,4135
2506,4800
2506,565
2506,8152
2506,4182
2506,2609
2506,5227
2506,567
2506,572
2506,4739
2506,722
2506,1406
2506,5148
2506,4156
2506,605
2506,99
2506,5119
2506,1234
2506,3186
2506,3185
2506,3183
2506,3184
2506,3182
2506,9350
2506,5470
2506,5469
2506,2402
2506,2401
2506,5915
2506,5912
2506,1310
2506,1307
2506,2521
2506,4702
2506,4700
2506,4701
2506,4705
2506,4707
2506,6608
2506,6606
2506,285
2506,8747
2506,5141
2506,5142
2506,3072
2506,3073
2506,7675
2506,6177
2506,888
2506,7559
2506,7565
2506,2131
2506,1269
2506,1268
2506,1270
2506,7387
2506,1271
2506,4836
2506,3973
2506,3974
2506,8947
2506,1835
2506,1839
2506,9529
2506,9530
2506,9531
2506,9532
2506,9533
2506,5213
2506,5205
2506,953
2506,952
2506,8263
2506,6578
2506,2023
2506,2024
2506,2021
2506,2022
2506,2025
2506,2026
2506,7120
2506,7121
2506,7122
2506,5614
2506,5616
2506,6937
2506,6936
2506,4357
2506,1490
2506,6242
2506,4530
2506,5202
2506,5198
2506,2552
2506,1734
2506,1262
2506,8180
2506,8386
2506,3461
2506,3465
2506,8713
2506,1451
2506,1441
2506,6384
2506,6386
2506,4296
2506,8212
2506,5003
2506,5002
2506,4293
2506,1834
2506,767
2506,6758
2506,6759
2506,8816
2506,8446
2506,8445
2506,8443
2506,8447
2506,645
2506,644
2506,5602
2506,5603
2506,2927
2506,6516
2506,6517
2506,9184
2506,6183
2506,1100
2506,1101
2506,6414
2506,8743
2506,140
2506,139
2506,6548
2506,856
2506,854
2506,8729
2506,6137
2506,1787
2506,4077
2506,8354
2506,865
2506,866
2506,1922
2506,9451
2506,9450
2506,9446
2506,4476
2506,5137
2506,2231
2506,4991
2506,8061
2506,8548
2506,8547
2506,5657
2506,5660
2506,5661
2506,707
2506,3255
2506,7844
2506,2122
2506,2123
2506,2730
2506,3552
2506,3555
2506,8498
2506,8497
2506,8496
2506,5442
2506,5440
2506,4277
2506,3699
2506,4019
2506,4020
2506,3781
2506,1541
2506,1905
2506,1906
2506,1912
2506,8814
2506,8813
2506,6943
2506,6942
2506,3854
2506,3855
2506,255
2506,8277
2506,4558
2506,4557
2506,9596
2506,9595
2506,3117
2506,3121
2506,3120
2506,3754
2506,4076
2506,5464
2506,8036
2506,8037
2506,3062
2506,2269
2506,6812
2506,3522
2506,3521
2506,5410
2506,108
2506,8591
2506,5889
2506,9300
2506,3991
2506,2522
2506,2523
2506,5308
2506,4282
2506,626
2506,625
2506,1446
2506,1447
2506,1448
2506,5683
2506,5682
2506,5685
2506,5153
2506,7543
2506,253
2506,1255
2506,1256
2506,5752
2506,818
2506,2932
2506,3709
2506,3707
2506,3705
2506,3706
2506,6268
2506,6267
2506,4482
2506,5848
2506,5851
2506,5852
2506,4140
2506,8759
2506,3150
2506,7756
2506,7757
2506,7758
2506,6265
2506,944
2506,945
2506,9367
2506,9369
2506,9370
2506,9364
2506,9365
2506,1261
2506,7147
2506,8795
2506,8794
2506,8796
2506,8458
2506,3431
2506,3432
2506,8371
2506,8370
2506,4963
2506,5287
2506,344
2506,342
2506,355
2506,4636
2506,8562
2506,3595
2506,1429
2506,6354
2506,6352
2506,6351
2506,9262
2506,9260
2506,6692
2506,2311
2506,4828
2506,7641
2506,7639
2506,7638
2506,1743
2506,294
2506,4922
2506,4574
2506,4573
2506,4572
2506,3572
2506,9588
2506,9586
2506,3303
2506,3305
2506,3306
2506,1317
2506,1314
2506,1315
2506,1640
2506,1641
2506,1642
2506,1643
2506,1644
2506,6250
2506,6248
2506,6247
2506,6888
2506,9486
2506,9487
2506,9480
2506,9481
2506,4503
2506,4506
2506,4505
2506,1144
2506,4749
2506,4751
2506,446
2506,447
2506,449
2506,450
2506,21
2506,452
2506,6750
2506,2179
2506,8136
2506,8135
2506,8134
2506,8132
2506,8131
2506,8554
2506,3189
2506,3190
2506,3187
2506,3188
2506,3191
2506,8808
2506,9525
2506,9524
2506,9521
2506,9520
2506,9519
2506,9518
2506,776
2506,779
2506,3560
2506,5386
2506,5388
2506,9498
2506,3830
2506,3833
2506,8791
2506,8789
2506,8788
2506,7738
2506,7737
2506,7740
2506,7739
2506,3312
2506,5316
2506,7260
2506,7895
2506,7896
2506,7897
2506,9314
2506,9313
2506,9310
2506,9311
2506,9308
2506,1488
2506,1489
2506,1491
2506,7103
2506,6778
2506,6776
2506,6775
2506,35
2506,3192
2506,8469
2506,290
2506,292
2506,991
2506,990
2506,992
2506,996
2506,5971
2506,5972
2506,332
2506,333
2506,678
2506,677
2506,3732
2506,8681
2506,8682
2506,8683
2506,4058
2506,4060
2506,4059
2506,4056
2506,4055
2506,4057
2506,624
2506,3652
2506,621
2506,622
2506,979
2506,983
2506,984
2506,4559
2506,9553
2506,9554
2506,9555
2506,4913
2506,279
2506,280
2506,281
2506,282
2506,283
2506,6333
2506,7409
2506,7095
2506,7096
2506,7093
2506,7094
2506,7091
2506,7092
2506,7089
2506,7090
2506,2198
2506,1870
2506,1869
2506,6467
2506,6468
2506,6466
2506,1508
2506,1171
2506,1170
2506,1167
2506,4226
2506,9177
2506,8843
2506,8844
2506,8849
2506,8847
2506,8848
2506,4934
2506,4933
2506,1817
2506,308
2506,9578
2506,9579
2506,9583
2506,1001
2506,1002
2506,1003
2506,998
2506,1882
2506,1428
2506,1885
2506,839
2506,6127
2506,7901
2506,6130
2506,1189
2506,1188
2506,1186
2506,7767
2506,8405
2506,7391
2506,2849
2506,2845
2506,5970
2506,6958
2506,6957
2506,5974
2506,6959
2506,1375
2506,1378
2506,1376
2506,1372
2506,8991
2506,6310
2506,1709
2506,1710
2506,1711
2506,1469
2506,6660
2506,2067
2506,2064
2506,2065
2506,2419
2506,2416
2506,2417
2506,2418
2506,2738
2506,2741
2506,2742
2506,2740
2506,2744
2506,7790
2506,7793
2506,7792
2506,8845
2506,8846
2506,8842
2506,8472
2506,8470
2506,8471
2506,1103
2506,8477
2506,2128
2506,9572
2506,9573
2506,9575
2506,9576
2506,9569
2506,842
2506,5808
2506,5803
2506,5804
2506,5805
2506,5806
2506,5800
2506,5954
2506,457
2506,2748
2506,121
2506,120
2506,119
2506,118
2506,9360
2506,9359
2506,9362
2506,9361
2506,9354
2506,2213
2506,2212
2506,2210
2506,2217
2506,2216
2506,2215
2506,2214
2506,2218
2506,3026
2506,3029
2506,3030
2506,3027
2506,3028
2506,7627
2506,6390
2506,7629
2506,7628
2506,3356
2506,3357
2506,3358
2506,3359
2506,3352
2506,7945
2506,7944
2506,8295
2506,8296
2506,2081
2506,8294
2506,6283
2506,6282
2506,6285
2506,6284
2506,6286
2506,398
2506,396
2506,397
2506,395
2506,392
2506,393
2506,732
2506,730
2506,4309
2506,4308
2506,4310
2506,9273
2506,9272
2506,9268
2506,4687
2506,4686
2506,54
2506,55
2506,56
2506,57
2506,58
2506,59
2506,62
2506,6368
2506,6367
2506,6370
2506,6369
2506,6366
2506,7207
2506,7208
2506,7209
2506,7206
2506,2293
2506,2292
2506,2289
2506,6873
2506,6874
2506,1984
2506,1627
2506,1626
2506,1625
2506,1624
2506,6217
2506,6218
2506,1288
2506,8527
2506,4778
2506,8529
2506,8530
2506,8854
2506,3892
2506,4295
2506,3895
2506,4969
2506,9628
2506,9180
2506,9183
2506,9182
2506,691
2506,690
2506,689
2506,687
2506,686
2506,6979
2506,6980
2506,6985
2506,6986
2506,6983
2506,6984
2506,6978
2506,2424
2506,7312
2506,7313
2506,2746
2506,2745
2506,2749
2506,7657
2506,7658
2506,7656
2506,7711
2506,3413
2506,3412
2506,3415
2506,3414
2506,8352
2506,8353
2506,8671
2506,8669
2506,8670
2506,8674
2506,9014
2506,9007
2506,9008
2506,4050
2506,4396
2506,4395
2506,4392
2506,4391
2506,4393
2506,129
2506,130
2506,134
2506,135
2506,4759
2506,4758
2506,4757
2506,4762
2506,6530
2506,1928
2506,1929
2506,1930
2506,1931
2506,1193
2506,1195
2506,3203
2506,3180
2506,7785
2506,7784
2506,7786
2506,7781
2506,7460
2506,7459
2506,7458
2506,7457
2506,6593
2506,7138
2506,1702
2506,1701
2506,6647
2506,6648
2506,6649
2506,6650
2506,5627
2506,5628
2506,5625
2506,5626
2506,5629
2506,5630
2506,9561
2506,9560
2506,703
2506,4921
2506,4919
2506,4917
2506,4915
2506,4665
2506,4664
2506,7161
2506,7160
2506,7156
2506,7475
2506,7479
2506,7478
2506,7477
2506,7476
2506,7474
2506,7473
2506,6827
2506,6824
2506,8483
2506,8482
2506,602
2506,9629
2506,9631
2506,9626
2506,5981
2506,5982
2506,692
2506,2059
2506,6646
2506,6645
2506,7597
2506,2691
2506,2690
2506,2693
2506,7272
2506,7273
2506,808
2506,809
2506,806
2506,807
2506,5775
2506,1604
2506,6558
2506,6559
2506,6560
2506,1254
2506,2280
2506,1955
2506,6853
2506,6851
2506,6852
2506,4082
2506,3430
2506,1470
2506,2169
2506,2167
2506,2168
2506,2166
2506,6437
2506,8042
2506,8044
2506,8043
2506,8040
2506,3454
2506,8924
2506,8925
2506,8588
2506,3633
2506,3632
2506,3634
2506,3631
2506,7886
2506,7884
2506,7885
2506,7887
2506,3106
2506,3102
2506,7354
2506,7035
2506,6409
2506,6408
2506,6413
2506,4146
2506,928
2506,5169
2506,5167
2506,5168
2506,5172
2506,5170
2506,5174
2506,5175
2506,213
2506,6196
2506,3797
2506,3800
2506,4130
2506,240
2506,746
2506,1335
2506,1333
2506,1338
2506,8409
2506,8410
2506,8407
2506,8408
2506,7396
2506,8600
2506,8970
2506,8969
2506,8972
2506,8971
2506,8973
2506,4329
2506,4328
2506,407
2506,3429
2506,5362
2506,4477
2506,8740
2506,3789
2506,1319
2506,1320
2506,5029
2506,5030
2506,6387
2506,6389
2506,9499
2506,6393
2506,9111
2506,9112
2506,9110
2506,5994
2506,784
2506,783
2506,785
2506,7417
2506,7418
2506,7425
2506,5057
2506,1149
2506,1147
2506,1148
2506,8622
2506,8617
2506,6920
2506,6921
2506,6923
2506,6924
2506,7589
2506,7588
2506,972
2506,970
2506,969
2506,1368
2506,1370
2506,1369
2506,7274
2506,7275
2506,4402
2506,2366
2506,2370
2506,8466
2506,4172
2506,4173
2506,4174
2506,4169
2506,4170
2506,249
2506,251
2506,1546
2506,5765
2506,5764
2506,5411
2506,9334
2506,9335
2506,7900
2506,7898
2506,7899
2506,7902
2506,7903
2506,5891
2506,228
2506,227
2506,226
2506,225
2506,8306
2506,3685
2506,4932
2506,4930
2506,4927
2506,4928
2506,4926
2506,8453
2506,6640
2506,1356
2506,1355
2506,3125
2506,304
2506,6661
2506,6662
2506,1358
2506,680
2506,5279
2506,5278
2506,5277
2506,5636
2506,2096
2506,3734
2506,3735
2506,3736
2506,4404
2506,4405
2506,5459
2506,454
2506,6129
2506,7472
2506,2248
2506,2246
2506,2245
2506,1524
2506,1523
2506,1525
2506,1522
2506,1521
2506,9581
2506,9580
2506,3882
2506,3489
2506,8510
2506,8509
2506,8505
2506,8504
2506,4303
2506,5809
2506,5811
2506,4101
2506,9070
2506,6019
2506,2098
2506,2097
2506,3669
2506,7659
2506,3743
2506,3742
2506,3747
2506,3888
2506,7636
2506,3036
2506,3034
2506,1024
2506,7893
2506,1938
2506,1941
2506,1940
2506,1237
2506,6188
2506,8691
2506,3083
2506,921
2506,5527
2506,5531
2506,5529
2506,5530
2506,7191
2506,3111
2506,7034
2506,1205
2506,3635
2506,4823
2506,2472
2506,2473
2506,2474
2506,4281
2506,13
2506,1021
2506,2119
2506,7323
2506,5126
2506,7960
2506,3045
2506,1753
2506,1752
2506,2061
2506,5114
2506,8523
2506,8522
2506,6829
2506,6828
2506,2754
2506,3424
2506,9441
2506,4074
2506,4078
2506,537
2506,538
2506,6555
2506,6552
2506,7189
2506,7188
2506,4802
2506,4805
2506,2937
2506,2304
2506,2305
2506,2301
2506,748
2506,744
2506,743
2506,7601
2506,7599
2506,3004
2506,2369
2506,2346
2506,2349
2506,2348
2506,9159
2506,9160
2506,5774
2506,812
2506,4786
2506,465
2506,2788
2506,470
2506,469
2506,6459
2506,6460
2506,1499
2506,1498
2506,1497
2506,1502
2506,1162
2506,1161
2506,1160
2506,1159
2506,9023
2506,9022
2506,9021
2506,4288
2506,4287
2506,3955
2506,3954
2506,8915
2506,8916
2506,8914
2506,369
2506,367
2506,25
2506,6841
2506,6843
2506,6844
2506,5874
2506,5875
2506,904
2506,208
2506,5181
2506,5182
2506,5183
2506,4519
2506,4520
2506,4521
2506,4523
2506,1276
2506,6737
2506,1826
2506,5735
2506,5736
2506,4940
2506,314
2506,317
2506,4594
2506,4593
2506,4592
2506,4591
2506,4590
2506,7315
2506,6668
2506,2577
2506,2579
2506,2582
2506,7802
2506,7803
2506,3543
2506,4431
2506,3540
2506,3544
2506,5344
2506,5345
2506,5346
2506,549
2506,4806
2506,5123
2506,9076
2506,4244
2506,5043
2506,2646
2506,6897
2506,1661
2506,1659
2506,1658
2506,1657
2506,4914
2506,6995
2506,6996
2506,6993
2506,2435
2506,4600
2506,2589
2506,3263
2506,479
2506,6526
2506,8189
2506,4657
2506,7179
2506,7180
2506,2268
2506,2884
2506,2882
2506,9186
2506,2790
2506,4789
2506,811
2506,4550
2506,506
2506,4416
2506,828
2506,831
2506,830
2506,4878
2506,2105
2506,2106
2506,2107
2506,2108
2506,7439
2506,5377
2506,5376
2506,5379
2506,5378
2506,5380
2506,5246
2506,5251
2506,1841
2506,6152
2506,6151
2506,6150
2506,641
2506,639
2506,476
2506,477
2506,2830
2506,6892
2506,6891
2506,6890
2506,4813
2506,4814
2506,1591
2506,1590
2506,1587
2506,8745
2506,7850
2506,7849
2506,4250
2506,3251
2506,3250
2506,3246
2506,3047
2506,6970
2506,6972
2506,174
2506,173
2506,172
2506,3401
2506,3402
2506,6935
2506,6934
2506,2058
2506,2057
2506,2060
2506,2055
2506,6303
2506,7159
2506,7158
2506,2586
2506,1087
2506,1088
2506,1090
2506,9535
2506,5930
2506,4772
2506,5932
2506,5931
2506,3375
2506,3377
2506,1904
2506,1914
2506,7750
2506,3146
2506,1214
2506,1209
2506,1210
2506,6334
2506,7279
2506,3767
2506,3765
2506,3770
2506,7998
2506,1970
2506,5485
2506,5487
2506,4671
2506,9458
2506,1610
2506,7016
2506,7018
2506,4358
2506,8489
2506,8490
2506,6941
2506,6938
2506,2717
2506,2716
2506,7623
2506,3663
2506,1553
2506,2396
2506,1730
2506,1731
2506,1732
2506,3759
2506,3757
2506,3758
2506,3761
2506,3762
2506,5500
2506,5496
2506,2931
2506,498
2506,4367
2506,4368
2506,4371
2506,4372
2506,4370
2506,3959
2506,3962
2506,3961
2506,3958
2506,8583
2506,2486
2506,2485
2506,8041
2506,8038
2506,2802
2506,2804
2506,2499
2506,7077
2506,7076
2506,6235
2506,6236
2506,5207
2506,9292
2506,9289
2506,9290
2506,9297
2506,8824
2506,8827
2506,8826
2506,2083
2506,2082
2506,7551
2506,7621
2506,7622
2506,542
2506,3124
2506,1225
2506,1226
2506,8774
2506,8775
2506,8777
2506,3491
2506,5709
2506,4950
2506,6392
2506,1238
2506,4995
2506,6419
2506,6418
2506,5010
2506,8930
2506,8933
2506,8934
2506,5156
2506,4508
2506,4510
2506,5726
2506,5729
2506,7679
2506,8722
2506,8723
2506,6412
2506,4222
2506,8561
2506,2501
2506,2502
2506,6794
2506,6793
2506,6796
2506,7611
2506,3509
2506,3008
2506,6625
2506,6623
2506,6624
2506,6619
2506,6620
2506,5209
2506,4895
2506,4896
2506,556
2506,6607
2506,5913
2506,5914
2506,5573
2506,5578
2506,954
2506,958
2506,957
2506,5562
2506,5561
2506,8437
2506,8436
2506,8433
2506,8432
2506,8431
2506,7513
2506,7519
2506,1666
2506,6232
2506,6231
2506,6230
2506,6228
2506,6227
2506,8503
2506,6903
2506,6902
2506,6905
2506,4529
2506,4528
2506,8605
2506,3326
2506,3327
2506,2999
2506,3000
2506,430
2506,429
2506,428
2506,432
2506,431
2506,5390
2506,5387
2506,6102
2506,6103
2506,2184
2506,2189
2506,2188
2506,2187
2506,2182
2506,9542
2506,9543
2506,9544
2506,4901
2506,270
2506,269
2506,5569
2506,5571
2506,5570
2506,9283
2506,3981
2506,3980
2506,7400
2506,946
2506,8251
2506,7745
2506,8783
2506,8784
2506,5367
2506,5365
2506,4669
2506,4668
2506,4300
2506,8938
2506,8429
2506,8430
2506,3128
2506,8089
2506,8090
2506,3165
2506,3164
2506,9494
2506,9491
2506,9497
2506,9500
2506,411
2506,416
2506,415
2506,414
2506,413
2506,5368
2506,5177
2506,3292
2506,3293
2506,9473
2506,9472
2506,2185
2506,2186
2506,2160
2506,3161
2506,8111
2506,8112
2506,8113
2506,8108
2506,8110
2506,8106
2506,3506
2506,8956
2506,4897
2506,3979
2506,3983
2506,5739
2506,778
2506,777
2506,6067
2506,6068
2506,6069
2506,5748
2506,1828
2506,1827
2506,2668
2506,2667
2506,2330
2506,6909
2506,6404
2506,9539
2506,6401
2506,6400
2506,6399
2506,1804
2506,760
2506,759
2506,1111
2506,1118
2506,1117
2506,6045
2506,3280
2506,3281
2506,3278
2506,3279
2506,3276
2506,7234
2506,7235
2506,9227
2506,9226
2506,3931
2506,8220
2506,8222
2506,8223
2506,3596
2506,3598
2506,9207
2506,9208
2506,9620
2506,9616
2506,1969
2506,1968
2506,869
2506,1263
2506,1074
2506,1075
2506,1076
2506,6584
2506,6585
2506,9275
2506,3977
2506,8570
2506,6416
2506,1813
2506,1814
2506,1815
2506,8384
2506,8383
2506,8382
2506,571
2506,566
2506,7212
2506,7213
2506,3671
2506,3670
2506,5094
2506,5093
2506,486
2506,487
2506,484
2506,485
2506,488
2506,489
2506,5449
2506,5448
2506,5447
2506,5453
2506,5452
2506,5451
2506,829
2506,4887
2506,4889
2506,826
2506,9395
2506,9396
2506,9399
2506,9400
2506,9398
2506,9394
2506,4777
2506,870
2506,150
2506,151
2506,152
2506,6478
2506,6480
2506,6479
2506,6475
2506,6474
2506,6477
2506,6476
2506,6472
2506,1874
2506,7839
2506,7837
2506,7836
2506,7840
2506,7841
2506,3242
2506,7195
2506,7199
2506,7196
2506,7197
2506,7194
2506,2624
2506,7523
2506,7524
2506,4238
2506,9198
2506,9197
2506,9196
2506,9193
2506,9194
2506,5110
2506,2044
2506,5112
2506,5106
2506,169
2506,9418
2506,9417
2506,9420
2506,9419
2506,4443
2506,4444
2506,4445
2506,4446
2506,4447
2506,8720
2506,8719
2506,8715
2506,8714
2506,6502
2506,6503
2506,6504
2506,1539
2506,1538
2506,8997
2506,7302
2506,7301
2506,7300
2506,2409
2506,2407
2506,2412
2506,2413
2506,2410
2506,3371
2506,7643
2506,7642
2506,7645
2506,7644
2506,9567
2506,9566
2506,9563
2506,9564
2506,299
2506,295
2506,296
2506,297
2506,4234
2506,3878
2506,3880
2506,3879
2506,4224
2506,8528
2506,9416
2506,4787
2506,4788
2506,170
2506,5111
2506,5108
2506,5109
2506,5107
2506,1744
2506,1745
2506,1746
2506,1740
2506,6342
2506,6341
2506,6340
2506,6339
2506,2411
2506,4638
2506,4641
2506,3842
2506,326
2506,327
2506,1976
2506,8837
2506,8835
2506,8836
2506,8839
2506,8500
2506,3231
2506,8170
2506,8171
2506,2607
2506,7503
2506,7505
2506,6787
2506,6025
2506,6026
2506,1762
2506,2112
2506,2113
2506,2114
2506,1754
2506,6696
2506,1766
2506,6012
2506,153
2506,7172
2506,4254
2506,4249
2506,4255
2506,7817
2506,8790
2506,7820
2506,7502
2506,1918
2506,1917
2506,573
2506,6523
2506,6524
2506,3840
2506,3839
2506,8125
2506,7214
2506,2560
2506,2557
2506,6643
2506,7874
2506,7870
2506,7271
2506,6930
2506,6929
2506,6928
2506,324
2506,8678
2506,3724
2506,3723
2506,5423
2506,5421
2506,5427
2506,5425
2506,5424
2506,1672
2506,8146
2506,8145
2506,5299
2506,5297
2506,3173
2506,2
2506,3181
2506,7453
2506,6589
2506,6513
2506,6512
2506,1559
2506,1913
2506,320
2506,321
2506,6292
2506,6293
2506,3641
2506,4210
2506,4211
2506,4212
2506,4213
2506,4214
2506,4215
2506,8332
2506,8254
2506,8330
2506,8335
2506,8336
2506,4042
2506,9371
2506,5979
2506,6168
2506,2942
2506,500
2506,2572
2506,2570
2506,7151
2506,7154
2506,8508
2506,3295
2506,3889
2506,3890
2506,2331
2506,3568
2506,3565
2506,3566
2506,349
2506,2988
2506,5288
2506,5289
2506,2996
2506,5291
2506,5292
2506,5293
2506,5283
2506,5284
2506,2140
2506,1791
2506,1793
2506,1795
2506,5786
2506,1797
2506,926
2506,6925
2506,2776
2506,7686
2506,7687
2506,7688
2506,2453
2506,2452
2506,7345
2506,5713
2506,5714
2506,4267
2506,4266
2506,4630
2506,4631
2506,9219
2506,9218
2506,9217
2506,8214
2506,1561
2506,1568
2506,8217
2506,2957
2506,2955
2506,2956
2506,2961
2506,7086
2506,2971
2506,2972
2506,1183
2506,6614
2506,1191
2506,2015
2506,2323
2506,8575
2506,3951
2506,3949
2506,3950
2506,9468
2506,9464
2506,9466
2506,9467
2506,9114
2506,9116
2506,8753
2506,8754
2506,1240
2506,1241
2506,1242
2506,1246
2506,5405
2506,5407
2506,5406
2506,5402
2506,787
2506,5055
2506,106
2506,105
2506,109
2506,110
2506,4306
2506,4375
2506,4373
2506,8163
2506,491
2506,5046
2506,6397
2506,5730
2506,5731
2506,5738
2506,5596
2506,769
2506,6422
2506,6420
2506,9624
2506,6425
2506,6426
2506,6423
2506,6424
2506,6428
2506,6429
2506,1699
2506,1697
2506,2045
2506,2357
2506,2356
2506,2359
2506,7267
2506,7268
2506,7269
2506,9608
2506,9610
2506,9605
2506,9604
2506,3516
2506,3517
2506,8246
2506,8121
2506,3172
2506,3177
2506,3176
2506,3179
2506,8801
2506,8800
2506,8799
2506,5026
2506,3985
2506,6533
2506,6532
2506,6531
2506,1563
2506,7150
2506,7149
2506,5651
2506,2569
2506,6822
2506,6821
2506,7806
2506,3199
2506,3201
2506,3202
2506,6313
2506,4041
2506,4040
2506,4045
2506,4712
2506,8331
2506,8333
2506,8334
2506,3398
2506,463
2506,2327
2506,2329
2506,3213
2506,7246
2506,3622
2506,436
2506,435
2506,434
2506,5631
2506,1129
2506,1128
2506,1127
2506,1126
2506,1131
2506,1130
2506,6815
2506,995
2506,2464
2506,7693
2506,5363
2506,4144
2506,5856
2506,5854
2506,5855
2506,9224
2506,9228
2506,7576
2506,7574
2506,8225
2506,8224
2506,3385
2506,3387
2506,4383
2506,4381
2506,4382
2506,540
2506,1221
2506,1220
2506,1222
2506,1219
2506,1218
2506,7126
2506,7127
2506,3166
2506,5261
2506,5260
2506,656
2506,657
2506,659
2506,660
2506,658
2506,1687
2506,1688
2506,1689
2506,3439
2506,3436
2506,3438
2506,8025
2506,8024
2506,4089
2506,5389
2506,5882
2506,6202
2506,6207
2506,1602
2506,1601
2506,1600
2506,1605
2506,9409
2506,7489
2506,2602
2506,2601
2506,2600
2506,5864
2506,896
2506,19
2506,6678
2506,9237
2506,9238
2506,1716
2506,1038
2506,145
2506,5085
2506,5086
2506,5084
2506,8012
2506,362
2506,361
2506,8011
2506,4879
2506,9513
2506,9511
2506,9509
2506,5960
2506,5961
2506,5964
2506,5963
2506,5959
2506,1678
2506,5663
2506,4378
2506,3217
2506,3215
2506,3214
2506,3219
2506,6179
2506,3407
2506,3405
2506,3409
2506,2799
2506,8006
2506,329
2506,2468
2506,2466
2506,2467
2506,2469
2506,5892
2506,7445
2506,1283
2506,1281
2506,5185
2506,1463
2506,236
2506,1456
2506,6199
2506,6197
2506,8339
2506,1957
2506,6756
2506,6755
2506,2815
2506,3969
2506,3970
2506,4675
2506,2047
2506,4678
2506,4679
2506,2373
2506,2375
2506,2376
2506,2377
2506,9528
2506,9079
2506,5551
2506,1992
2506,1993
2506,1994
2506,7550
2506,6609
2506,1330
2506,6260
2506,6258
2506,982
2506,981
2506,8102
2506,8098
2506,8097
2506,8100
2506,8099
2506,3923
2506,6134
2506,6407
2506,1528
2506,1526
2506,8962
2506,3033
2506,9078
2506,4110
2506,4113
2506,4108
2506,735
2506,734
2506,740
2506,3311
2506,674
2506,5068
2506,6153
2506,4187
2506,8834
2506,7164
2506,9157
2506,6499
2506,2792
2506,5321
2506,5307
2506,7255
2506,2345
2506,3597
2506,3618
2506,3645
2506,9496
2506,9495
2506,3487
2506,8917
2506,6191
2506,1249
2506,3745
2506,3388
2506,7652
2506,7651
2506,5078
2506,9388
2506,9384
2506,9387
2506,9386
2506,9383
2506,8323
2506,3428
2506,3434
2506,6309
2506,6306
2506,1714
2506,5281
2506,2970
2506,7365
2506,7366
2506,7367
2506,1614
2506,2109
2506,3665
2506,4830
2506,4829
2506,4827
2506,3256
2506,8200
2506,8199
2506,3752
2506,1213
2506,7085
2506,5830
2506,5833
2506,1208
2506,1211
2506,8694
2506,8695
2506,6430
2506,7004
2506,7005
2506,2875
2506,1460
2506,8197
2506,7847
2506,2538
2506,5436
2506,2541
2506,8047
2506,9323
2506,9324
2506,9327
2506,2157
2506,7706
2506,4867
2506,4868
2506,4872
2506,4873
2506,6133
2506,7032
2506,9143
2506,7913
2506,7912
2506,4791
2506,6457
2506,7055
2506,3394
2506,4465
2506,6848
2506,2935
2506,3348
2506,1000
2506,5226
2506,1326
2506,7668
2506,2005
2506,7747
2506,4469
2506,7650
2506,4462
2506,7319
2506,2433
2506,7982
2506,7983
2506,7977
2506,8187
2506,2520
2506,6798
2506,2515
2506,6632
2506,6795
2506,3802
2506,8076
2506,8078
2506,77
2506,76
2506,4695
2506,4696
2506,9294
2506,9293
2506,9296
2506,9295
2506,7056
2506,7057
2506,7058
2506,7059
2506,7066
2506,3084
2506,2165
2506,3077
2506,2163
2506,7805
2506,2576
2506,2578
2506,5676
2506,2580
2506,5678
2506,5686
2506,2581
2506,8151
2506,1155
2506,8149
2506,8147
2506,1151
2506,3207
2506,3205
2506,5988
2506,7029
2506,5998
2506,1389
2506,1390
2506,6315
2506,6318
2506,6667
2506,6665
2506,6669
2506,1945
2506,1947
2506,1946
2506,1949
2506,1948
2506,1943
2506,2270
2506,3763
2506,8165
2506,7284
2506,8166
2506,8172
2506,8173
2506,464
2506,9286
2506,9016
2506,9015
2506,9017
2506,9019
2506,4280
2506,8676
2506,4259
2506,1397
2506,5992
2506,5991
2506,7031
2506,5989
2506,3775
2506,5995
2506,5642
2506,9040
2506,9044
2506,9043
2506,4419
2506,4420
2506,4418
2506,9397
2506,5422
2506,4070
2506,833
2506,832
2506,834
2506,5431
2506,3773
2506,5433
2506,2773
2506,816
2506,815
2506,4765
2506,9378
2506,9377
2506,4545
2506,4548
2506,4547
2506,4196
2506,2584
2506,2583
2506,5490
2506,5488
2506,4054
2506,5486
2506,5484
2506,1713
2506,8535
2506,8536
2506,6435
2506,6847
2506,6846
2506,1951
2506,9439
2506,720
2506,7653
2506,3425
2506,3423
2506,3751
2506,3750
2506,3749
2506,3584
2506,3580
2506,3581
2506,3582
2506,3583
2506,1552
2506,6543
2506,6542
2506,6545
2506,6541
2506,515
2506,516
2506,519
2506,6274
2506,3287
2506,4796
2506,4794
2506,3421
2506,8364
2506,8365
2506,8366
2506,2462
2506,2461
2506,2463
2506,4819
2506,6101
2506,4270
2506,4271
2506,4272
2506,4706
2506,9246
2506,9247
2506,8689
2506,4654
2506,4660
2506,908
2506,906
2506,909
2506,6194
5885,7751
7294,2506
8413,5033
8413,4943
8413,817
8413,7240
8413,2662
8413,2076
8413,1983
8413,6279
8413,5612
8413,3864
8413,9089
8413,8659
9093,4253
9093,1809
9093,2251
1095,2050
5013,7946
9454,2506
9454,9469
9454,6276
3048,6932
3048,5595
3048,48
3048,1774
8488,2700
8488,2916
8488,3275
4785,3339
4785,5413
4785,3691
4785,2075
4785,4534
4785,2153
4785,2450
4785,2529
4785,7554
4785,1482
4785,5869
4785,766
4785,2692
4785,2597
4785,7566
4785,7541
4785,5899
4785,3948
4785,1215
4785,8007
4785,6880
4785,6715
4785,7130
4785,2155
4785,9274
4785,8059
4785,4109
4785,7577
4785,180
4785,7293
4785,3906
4785,4036
1739,6685
1739,2671
4297,8274
381,9614
5798,8990
5798,6081
5798,4960
5798,2854
5798,4143
5798,1933
5798,8950
5798,8244
5798,6580
5798,7971
5798,3504
5798,2657
5798,2599
5798,7043
5798,2162
5798,7725
5798,3785
5798,8787
9269,8302
9269,1803
9269,7548
9269,6204
9269,8755
5653,1831
6653,1784
6653,5990
6653,1656
882,3616
5503,207
4002,9381
4002,7919
4002,2567
8983,2798
8983,6691
8983,2421
8983,6901
8983,2503
8983,637
8983,590
8983,2697
8983,4220
8983,7062
8983,5942
8983,4875
8983,7562
8983,5696
8983,5878
8983,2907
8983,1737
8983,1391
8983,8864
8983,8904
8983,9527
8983,3700
8983,1514
8983,5518
8983,8176
8983,9282
8983,3525
8983,630
8983,1113
8983,8356
8983,8122
8983,7264
8983,3563
8983,2095
8983,6021
8983,814
8983,8033
8983,7654
8983,8928
750,2506
750,1780
750,207
7068,3262
7068,6675
7777,5069
7777,4023
5194,16
5194,6118
5194,6327
5194,1018
5194,4257
5194,7346
5194,9146
5194,2308
5194,8750
5194,8749
5194,9375
5194,4680
5194,5474
5194,460
5194,1014
5194,5555
5194,2895
5194,5437
5194,7716
5194,7662
5194,5117
5194,5857
5537,266
5537,7527
5537,7517
5537,7701
544,7717
4768,6145
4768,5907
4768,5553
4768,5541
4768,5563
6730,2506
2598,7170
1123,5069
1123,3477
1123,6018
1123,9065
1123,5416
1123,3058
1123,1966
1123,1859
5338,2506
5338,4580
5338,2909
8079,5545
8079,6204
3411,4890
3411,501
3778,2707
3778,960
5082,2506
8688,2290
8688,1367
2783,5605
2783,697
2783,2425
2783,1631
2783,1584
2783,1983
2783,2673
2783,9455
2783,8932
2783,8651
2783,849
2783,6868
2783,6004
2783,1717
3672,2506
3672,419
7291,8806
7291,3929
7355,2506
2148,2506
2148,4795
2148,2110
2881,2506
2881,3626
7426,1328
7426,7132
7426,1848
7426,6465
7426,7797
7426,5178
458,2506
8074,2506
9302,3048
9302,698
9302,2817
9302,2050
9302,7694
9302,6944
9302,2610
9302,3152
9302,3941
9302,4948
9302,6350
9302,5312
9302,2821
9302,116
9302,2723
9302,2787
9302,3688
9302,2104
9302,1232
9302,6788
9302,4605
9302,1322
9302,6096
9302,6881
9302,8115
9302,5018
9302,8462
9302,4403
9302,1341
9302,4217
9302,7581
9302,2306
9302,1200
9302,741
9302,8474
9302,1487
9302,8292
9302,7613
9302,7401
9302,5606
9302,148
9302,2625
9302,5747
9302,1741
9302,3884
9302,418
9302,3946
9302,8274
9302,8858
9302,1911
9302,9214
9302,185
9302,2068
9302,4332
9302,6583
9302,2930
9302,7563
9302,1244
9302,6777
9302,2427
9302,6124
9302,6582
9302,1379
9302,8066
9302,8572
9302,9124
9302,6990
9302,1735
9302,2853
9302,3836
9302,7437
9302,2743
9302,1495
9302,1768
9302,5014
9302,4340
9302,1386
9302,6631
9302,5984
9302,2121
9302,7467
9302,9351
9302,8711
9302,2864
9302,4139
9302,6136
9302,9120
9302,3133
9302,2284
9302,5395
9302,3317
9302,1134
9302,2658
9302,4481
9302,6417
9302,7351
9302,3726
9302,2706
9302,1146
9302,9492
9302,9099
9302,889
9302,8662
9302,3362
9302,2476
9302,8448
9302,4061
9302,1224
9302,7833
9302,3696
9302,3713
9302,2544
9302,4458
9302,2219
9302,5391
9302,7801
9302,3510
9302,6184
9302,5256
9302,34
9302,7481
9302,46
9302,73
9302,5611
9302,9298
9302,2296
9302,8896
9302,9221
9302,2633
9302,2027
9302,8393
9302,3927
9302,4497
9302,3841
9302,2102
9302,3396
9302,4090
9302,2911
9302,289
9302,891
9302,8875
9302,6577
9302,1650
9302,2127
9302,7331
9302,4970
9302,3148
9302,2835
9302,8913
9302,2784
9302,2865
9302,5004
9302,9236
9302,9346
9302,219
9302,8862
9302,7776
9302,3459
9302,9129
9302,5772
9302,6190
9302,6601
9302,9229
9302,8406
9302,6605
9302,2524
9302,6156
9302,3209
9302,9284
9302,3837
9302,4432
9302,6254
9302,7299
9302,5847
9302,3391
9302,2760
9302,2457
9302,836
9302,7536
9302,8075
9302,5509
9302,8771
9302,9559
9302,5926
9302,9303
9302,3110
9302,9127
9302,8701
9302,9623
9302,199
9302,7518
9302,662
9302,8185
9302,7364
9302,6382
9302,4614
9302,1462
9302,2192
9302,74
9302,986
9302,7673
9302,184
9302,4582
9302,1245
9302,2978
9302,4439
9302,2989
9302,5210
9302,1166
9302,1475
9302,8017
9302,3482
9302,2953
9302,5957
9302,3866
9302,5162
9302,937
9302,3021
9302,6862
9302,198
9302,5298
9302,4846
9302,2549
9302,5373
9302,1207
9302,5673
9302,2028
9302,3384
9302,2564
9302,9599
9302,3690
9302,4998
9302,237
9302,4311
9302,7344
9302,1364
9302,7173
9302,1959
9302,7430
9302,1247
9302,7590
9302,3733
9302,7607
9302,4692
9302,2274
9302,5928
9302,9355
9302,133
9302,9199
9302,4150
9302,7038
9302,4801
9302,6836
9302,6675
9302,7761
9302,3458
9302,7496
9302,7248
9302,1973
9302,3704
9302,3590
9302,1422
9302,9330
9302,7360
9302,6003
9302,1712
9302,9125
9302,8083
9302,1790
9302,8639
9302,1466
9302,2995
9302,1923
9302,5446
9302,1512
9302,2223
9302,9401
9302,3015
9302,915
9302,5116
9302,3523
9302,4840
9302,3792
9302,1960
9302,8658
9302,589
9302,838
9302,4989
9302,629
9302,7075
9302,3067
9302,3545
9302,683
9302,858
9302,7640
9302,8475
9302,6165
9302,1558
9302,7987
9302,7984
9302,6998
9302,3381
9302,2267
9302,3772
9302,9585
9302,7182
9302,6736
9302,5887
9302,3990
9302,7632
9302,4925
9302,1035
9302,7877
9302,4175
9302,9522
9302,7429
9302,9551
9302,7410
9302,805
9302,53
9302,1990
9302,2368
9302,8807
9302,1363
9302,8351
9302,902
9302,4589
9302,8441
9302,8058
9302,3692
9302,2043
9302,3009
9302,6621
9302,8435
9302,378
9302,3253
9302,6294
9302,8120
9302,8802
9302,2239
9302,7148
9302,3722
9302,3728
9302,9012
9302,4044
9302,3397
9302,2328
9302,7352
9302,5858
9302,8559
9302,7320
9302,3167
9302,898
9302,1718
9302,1198
9302,3373
9302,510
9302,3640
9302,9235
9302,1284
9302,6245
9302,466
9302,3642
9302,66
9302,1251
9302,2540
9302,3002
9302,8398
9302,8958
9302,6774
9302,6458
9302,8765
9302,8781
9302,4052
9302,4053
9302,5692
9302,4549
9302,5304
9302,5294
9302,9046
9302,6317
9302,7041
9302,7842
9302,7052
9302,8357
9302,8349
9302,8358
9302,8360
9302,1950
9302,2933
9302,2640
9302,5681
9302,7305
9302,5941
9302,4936
9302,2689
9302,618
9302,284
9302,5495
9302,874
9302,6362
9302,6360
9302,1788
9302,4098
9302,7835
9302,7128
9302,7131
9302,3801
9302,9188
9302,8677
9302,6544
9302,2197
9302,2200
7779,3639
1484,8896
1484,8186
3965,5033
2898,2121
2898,8758
205,2506
5245,7003
5245,5532
5245,3483
5245,2769
5245,4031
3824,675
3824,9150
3824,5439
4982,2506
8812,2506
2986,2378
2986,8769
2986,2181
2986,2917
2986,2842
3494,8620
7369,9302
752,6164
752,8921
752,4428
752,2764
8543,960
8543,5533
1408,2506
4354,6969
8128,1437
8128,2573
8128,3936
8128,5036
8128,5807
8128,7097
8128,4024
8128,4716
8128,9430
8128,5797
8128,7994
8128,5230
8128,9403
6565,2506
2556,2506
5481,2715
5481,9065
5481,8887
5481,3197
5481,9195
5481,5975
5481,3850
5481,2194
5481,3493
5481,4344
5481,7734
5481,7692
5481,8440
5481,7170
5481,8555
5481,4854
5481,8526
5481,7011
5481,5860
5481,4898
5481,755
5481,2054
196,2506
2644,2781
2644,1036
2644,6955
2644,4640
2644,9047
2644,7732
2644,3901
2644,7047
2644,5352
2644,2536
2644,3370
2644,7012
2644,8238
2644,4861
2644,3739
2644,4740
2644,7163
2644,7676
2644,1988
2644,6628
2644,9161
2644,8830
2644,4180
2644,2947
2644,5925
2644,2446
2644,7464
2644,2923
2644,336
2644,6865
2644,9456
2644,6633
2644,12
8592,9462
8592,4577
6319,7003
6319,9074
6319,478
6186,8627
6186,2455
6186,6714
6186,2120
6186,1560
6186,3488
6186,6445
6186,3988
6186,3304
6186,5056
6186,5441
7540,2506
5767,5798
5767,4754
5767,2599
8283,1115
8283,8526
480,7904
3152,8399
3152,8738
3152,8899
3152,8891
3152,7170
3152,7491
5282,1325
5282,9175
5282,5090
5282,8607
5282,8174
5282,4577
4341,7105
4341,2611
4341,1562
4341,8342
4341,3011
4341,3521
4341,7573
3505,1507
2340,2664
2340,5409
2340,2206
2340,8425
2340,5593
2340,188
6030,3845
6030,7193
6030,3887
6030,6816
6030,5906
6030,52
6030,3085
6030,8023
6030,9103
6030,6886
6030,2053
6030,3330
6030,6032
6030,8556
6030,5634
6030,5234
6030,3195
6030,4352
6030,6089
6030,6907
6030,8558
6030,1690
6030,5711
6030,9502
6030,3578
6030,5577
6030,9279
6030,4304
6030,8253
6030,1583
6030,2037
6030,4857
6030,2906
6030,7471
6030,4825
6030,4279
6030,5125
6030,2173
6030,773
6030,5042
997,8046
997,546
997,2822
997,1769
997,7883
997,7707
997,3608
15,7582
15,1809
15,3342
15,3835
15,4635
14,2506
5372,5412
5372,3115
5372,2764
9584,5194
7393,2506
1057,391
1057,2903
1057,1862
1057,531
1057,2372
1057,1273
9253,2506
6237,7043
4990,2506
4990,3994
8428,2506
6507,6831
6507,5536
6507,1048
6507,884
6507,719
6507,2297
6507,7448
6507,7624
6507,9119
6507,8581
3141,2506
4640,5905
4640,2389
4640,6753
4640,7406
4640,2839
5498,2506
3532,2506
8619,8314
7133,2506
5910,2506
5189,3929
9065,6698
5827,3654
5827,2159
4734,2506
4734,5194
841,2506
8981,2506
2858,2506
6763,9537
165,7047
7329,2506
7617,2506
638,2506
6726,4129
6726,2506
6726,4768
6726,5282
6726,9609
6726,5272
3374,9302
1168,2506
1168,40
9548,5282
101,2199
2528,2506
960,8543
6181,2506
2913,2404
2913,1651
993,738
993,1486
7521,5521
7521,8440
7521,7994
5382,2506
7468,9302
916,2393
916,7078
916,5583
916,143
916,243
916,5355
916,8396
916,8322
916,1020
916,9179
916,1765
676,4713
676,5741
676,7451
676,6379
676,1025
676,4346
676,8857
676,161
676,3129
676,7427
676,7263
676,3613
676,6840
676,8164
676,5920
676,3867
676,3490
676,3450
676,5689
676,5065
676,5360
7582,2506
7703,2506
8751,2506
2494,6871
9304,5194
2826,2506
3894,6319
3894,1611
3894,5584
3702,9065
7441,2506
8237,3656
8237,7927
8237,7734
8237,3834
8237,5092
2823,8086
2823,2758
2823,2506
2823,7852
2823,5006
2823,9201
2823,7609
2823,9055
2823,7054
2823,6627
2823,137
2823,6143
2823,9459
2823,936
2823,775
1884,9302
1884,5644
4905,1596
9104,2506
8395,2506
9617,2506
701,2506
3474,1354
1763,2506
5206,2506
3921,2506
9156,2506
1686,8983
8684,9302
2199,2506
7321,2506
190,2737
190,4795
190,7343
6047,2506
1618,4456
1618,775
3678,2506
4100,2506
2660,2506
382,2506
2672,4493
8341,2506
7812,7734
7930,2892
7930,3406
5654,2506
4781,2506
8150,2506
7733,2506
3576,2506
4004,1095
4004,561
4004,6498
4004,9312
4004,4021
7009,1596
7517,2506
7517,6320
7517,8599
7517,8292
192,7291
192,4243
192,6566
192,3135
192,5617
192,1556
192,6684
192,3110
136,9302
8282,960
6290,2506
4731,2506
6042,2506
6042,9302
2966,752
3226,2506
3226,3701
3226,7326
3226,4985
7979,2506
4440,2506
8484,2506
8484,2052
8484,699
8484,535
851,207
1049,2506
2608,2506
6834,2506
8712,2506
3524,2506
2770,5694
2770,2673
2770,4360
4489,9302
8300,2506
8634,2506
7592,9302
2318,2506
7635,1651
6155,3477
6155,2873
6155,5204
6155,8130
9537,3511
9537,2456
9537,663
9537,4835
9537,1017
9537,194
9537,8317
9537,2793
9537,9597
9537,5538
9537,7241
9537,570
9537,2899
9537,4208
9537,4899
9537,8117
9537,6537
9537,9357
9537,2448
9537,4252
9537,8433
2948,7736
7071,401
7071,1115
7071,4136
8577,3221
4562,2506
3013,2506
3044,2506
4493,2672
7610,9302
4784,6093
2265,2506
6883,1806
5816,4681
5816,5333
646,2506
494,2506
8268,2506
4798,9302
7054,2823
3738,2506
3942,9302
3798,2506
7010,2506
2235,2506
7989,2506
8886,9589
8886,6677
8886,725
8886,4586
8886,5229
8886,4743
8886,5840
8886,704
8886,7050
8886,2940
8886,6489
8886,4622
8886,2264
8886,7828
8886,892
8886,3229
8886,397
8886,3119
8886,6981
8886,8077
8886,9376
8049,2506
3340,2506
5054,2506
5990,628
5990,3469
5990,6590
5990,7999
5990,7363
5990,1916
5990,8467
1419,2506
9162,5905
6744,2506
5401,2506
4683,2506
163,2506
988,9302
988,112
8067,2506
9476,6083
5098,2506
155,2506
3093,7923
3093,3905
8882,2506
2117,1809
7036,2506
7036,2859
4237,700
4237,8279
4237,2447
4237,6273
4237,229
7814,2506
2836,2506
3647,9302
8649,2506
4093,2506
6764,6030
322,9302
322,1872
940,2506
940,2527
6046,2506
7239,2506
5353,2506
6656,2506
6656,78
8156,7243
2752,2506
6298,2506
4256,9302
8856,2506
5740,2506
774,9302
3060,2506
3060,4228
3060,9080
3499,2506
4424,2506
7572,2506
9475,2506
3811,2506
2761,4570
3283,138
3283,2048
3103,2506
4236,2506
2890,2506
5324,2506
5324,5700
8278,7506
8278,6287
8278,7664
8278,7856
8278,7201
8278,8139
8278,4951
8278,9281
8278,4771
8278,4770
8278,3098
1345,9302
5664,2506
3821,2506
2250,2506
72,2049
2568,6514
3365,7976
3365,5241
3365,3816
3365,5505
3365,6725
3365,8035
3365,7288
3365,3372
3365,7084
3365,9436
3365,1069
3365,4285
3365,4241
3365,80
9547,6166
9547,4
9547,3314
733,2506
9546,2506
4380,2506
1577,2506
8088,6997
8088,1535
8088,2141
8088,7917
8088,3127
8088,4499
7037,2506
8016,4807
3639,7779
3639,3721
2034,2506
5216,2644
2977,2506
4275,8896
8474,2506
967,2506
967,8013
6783,2506
1487,3252
4923,2506
8542,5069
5822,2506
335,8454
2019,2506
1977,9302
2195,2506
1346,2506
2507,7071
6163,1695
6163,8262
6163,4717
6163,8288
6163,6005
6163,5323
6163,7218
6163,1026
6163,3717
6163,1554
3346,4688
351,531
8491,2506
7342,2506
9231,8515
9231,5583
9231,3737
9231,338
9231,318
9231,7440
9231,765
9231,2092
9231,4693
9231,6699
9231,9470
1638,2506
8000,2506
2974,6507
8980,2506
3222,2506
8495,337
8495,6377
8495,1124
8495,4143
1908,2506
83,1862
83,1707
4262,2506
6398,2506
4651,2506
2852,2506
4364,2823
1549,8755
976,2506
6704,2506
2531,2506
3780,9302
5677,2506
5980,2506
3426,2506
1703,3810
8287,2506
6760,2506
758,2506
803,2506
5883,2506
5821,2506
2766,2506
2260,2506
6210,2506
2046,7736
8738,3152
3600,2506
2837,2506
6786,2506
7905,2126
5849,676
3418,2506
6740,4106
2078,2506
8894,2049
3918,2506
7507,7546
7507,4979
4986,9302
5886,2506
6211,7392
8308,2506
7386,9302
661,4543
4245,2506
4245,1231
4245,6773
3593,1881
8242,6507
4974,2506
2380,9302
3010,2506
3929,2506
3929,2431
6119,2506
8851,4160
9006,2506
9006,7751
5549,2506
2791,2506
2791,7963
2791,2177
2791,7269
3976,2506
4648,3474
4648,8744
5120,2506
5120,9090
5120,5810
3536,2506
3648,2506
2739,2506
366,2506
8439,1287
8439,3005
6226,1063
3158,2506
525,2506
1751,2506
8057,1123
8057,3315
8057,339
8057,1296
8057,7203
8057,7965
8057,102
6073,2506
209,2506
181,2506
2100,2506
5269,2506
7634,2506
7634,1507
7547,4785
7547,7925
3240,2506
4632,1507
1184,2506
1781,1507
8184,2506
8481,2506
7470,2506
1646,2506
9598,1881
9598,1507
9598,6675
2385,2506
8465,2506
531,4856
531,8289
531,2136
531,1578
531,8021
531,155
531,203
531,8905
531,6348
531,404
531,8280
531,7432
531,8412
531,1877
531,5632
531,2382
531,3834
531,3260
531,1461
531,7729
531,9121
531,7087
531,5092
531,5266
531,6781
531,727
531,7280
531,2548
531,9248
531,4467
531,95
531,6618
531,9479
483,8456
1898,2506
3616,2506
3616,2594
3616,9299
3616,2446
3616,7067
3616,5985
3616,6536
3616,9352
3616,8201
4935,2506
3169,1507
2930,5180
2930,2930
2479,2506
2479,9302
9372,2506
4345,2506
8153,9393
7485,2506
5357,2506
5357,9239
5357,5375
5357,6086
5357,820
3795,140
3049,2506
2527,1192
2527,4421
6041,2506
6702,9302
5598,2506
5598,5454
8267,2506
8267,2814
8267,7591
6527,2506
9457,2506
2992,2506
8203,1507
8227,2506
6762,2506
1806,2506
1806,5653
1806,1596
7595,1635
5238,2506
9211,2506
1340,2506
7097,1367
4138,9302
2255,531
6061,2506
1413,3476
3526,2506
9241,2506
4143,2506
4143,8016
4143,8514
4143,531
4143,3616
4143,2819
4143,4860
4143,6950
3673,2506
3673,8880
7822,5924
7697,2506
7443,2506
423,4207
423,7289
423,7129
7168,2506
4478,2506
8369,2506
7600,9302
528,2506
6975,2506
2897,2506
2459,2506
2347,2506
2142,2506
3602,3929
9027,7030
187,9302
7252,2506
1593,8886
7587,2506
4533,2506
7717,8923
7717,6042
7717,4118
7717,2764
1391,4225
6487,2506
7358,2506
584,2506
1629,2506
2874,2506
3636,4164
3636,2446
1789,2783
6652,2506
7069,2506
2121,2506
7109,2506
8312,2506
3198,189
2220,2506
6765,2506
7667,2506
1109,9302
9404,9302
2225,2506
8513,6030
4029,9302
8324,9302
6550,9302
8161,2506
4956,2506
2519,2506
4566,724
4566,2414
4566,2386
4566,8943
4566,7665
4566,3870
4566,8205
4566,9045
4566,1396
4566,2324
4566,4937
4566,9056
4566,9619
4566,6563
4566,350
4566,2682
4566,4366
4566,5394
4566,6875
4566,5841
4566,568
4566,2032
4566,4918
4566,9630
4566,6832
4566,2591
8272,7940
8272,211
7245,1900
8368,2506
4803,3100
7200,2506
7871,5609
7871,1096
7871,8259
7871,2448
7871,1979
2774,2506
2774,8327
2774,5896
2774,4099
2774,6931
2774,2363
2774,4618
2774,2685
2774,9504
2774,293
2774,5328
2774,5222
2774,2729
2774,3556
2774,3554
2774,3550
2774,3551
2774,4022
2774,8143
2774,8142
2774,7928
2774,7015
2774,7014
3667,8937
3667,6969
3667,3922
3667,3589
3667,7470
3667,8699
3667,3978
9102,9302
9102,3976
4973,2506
3095,2506
3095,9302
3095,7822
3095,9339
3095,6679
3095,7343
5760,2506
6590,4621
6590,1072
2629,2506
2605,2506
2605,9302
231,2506
721,2506
9035,9302
9066,2506
1030,2506
100,5087
4032,2506
2883,2506
5258,3868
4564,2506
4216,2506
8506,8886
8064,2506
5122,2506
3336,2506
934,2506
3625,2506
3920,2506
6077,2448
4154,2506
6922,2506
1371,6030
8632,2506
4722,8983
8235,2506
5594,2506
2130,8138
2130,7073
1044,9302
8690,2506
3967,2506
3065,2506
2439,2506
1926,2506
633,2506
5073,2506
8313,2506
9374,878
91,2506
222,2506
222,879
8912,2226
8912,7382
8912,1192
8912,2247
4837,2506
6083,1507
8926,2506
5392,2506
5314,2506
7423,2506
7690,2506
1883,2506
49,2506
1836,2506
4422,2506
4422,6893
6229,9302
7857,2506
8463,2506
8463,94
8804,9302
7033,2506
3683,2506
3683,5574
3623,2506
2822,8190
5020,9302
5020,7026
2512,2506
7762,2506
3534,2506
6450,2506
2183,702
2183,5375
3382,2506
6989,2506
5466,2506
357,8560
4793,2506
6224,2506
7020,2506
695,2506
9074,3865
8811,5539
8438,2506
7555,8314
2224,2506
5428,2506
8450,6030
5336,2506
8065,2506
9316,2506
4046,2506
2638,9302
6213,531
4609,2506
4994,5872
7494,2506
7081,9302
3655,531
9276,2506
179,2506
5548,2506
9343,8413
5732,2506
4744,7925
1059,2506
3849,2506
8318,2506
5585,2506
1565,6950
7561,2506
8598,2506
2722,2506
156,8314
4633,2506
7509,2506
3680,2506
6968,2506
5717,2506
5983,9302
5672,2506
2982,2506
1504,2506
5728,9302
5515,2644
6766,2506
6951,8456
4483,2506
6651,4768
889,4784
3154,2506
3793,5905
3793,1318
7359,2506
4117,1809
4117,425
1725,2506
1047,2506
6977,2506
6335,2506
7310,2506
4067,2506
8986,2506
1507,2885
1507,9321
1507,5349
1507,1840
1507,2126
1507,1177
1507,4728
1507,6291
1507,8738
1507,2769
1507,4218
1507,9134
1507,6209
1507,1278
1507,2310
1507,1892
1507,8884
1507,3677
1507,6036
1507,4412
1507,3557
1507,821
1507,2276
1507,789
1507,3071
1507,9095
1507,8757
1507,939
1507,8797
1507,2481
1507,3832
1507,1031
1507,5077
1507,8975
1507,1298
4570,2506
2302,2506
1303,7097
8576,2506
5753,1041
5753,2807
2286,2506
8485,2506
6870,6950
7764,2506
2671,1453
5524,7102
24,2506
9151,2506
5635,1507
39,2506
4539,1507
6884,2506
6039,2506
8419,2506
8419,7941
87,2506
2621,2506
7107,2506
8944,2506
359,2506
359,3237
3105,5194
7223,2506
1519,9302
1519,353
4026,2506
2230,2506
8863,6030
5647,2506
5647,2622
442,2506
3876,2506
9212,7705
4792,2506
1748,2506
792,9302
6592,2506
6538,1123
6538,7934
2091,9302
3668,2506
8663,9302
3651,1596
6727,2506
4301,2506
6205,2506
6486,2506
4981,2506
4423,8314
7918,9243
3258,2506
331,2506
9038,5850
1230,2506
3938,2506
8953,419
7137,2506
5552,2506
7317,2506
2336,9302
4968,2506
5220,2506
1893,2506
3109,5194
1983,2506
1983,9204
5337,2506
2299,2506
8773,2506
9517,2506
7699,2506
7515,2506
8595,2506
7715,7030
6863,2506
28,2506
603,2506
863,2506
7865,2506
1279,2506
3449,2506
8315,2506
4126,2506
2150,2506
5186,2506
3539,2506
3539,3573
4122,2506
4122,373
9550,6927
9550,5069
9550,631
1173,2506
2488,8314
2793,2506
5877,1007
5877,7674
5802,2506
5001,2506
5354,2506
218,2506
218,4143
218,8724
7140,2506
2176,2506
3003,5194
8896,3134
6811,9302
7701,5537
3838,2506
7042,2506
4487,4539
764,2506
4884,2506
5017,9302
7602,6950
1415,2506
5876,2506
1257,2506
8829,2506
3664,2506
8792,2506
5768,2506
847,2506
2797,9302
1458,2506
2702,2506
9353,2506
7748,2506
1359,2506
6655,9302
6302,9537
3553,2506
3660,9302
3697,9302
3138,2506
1227,2506
8888,2506
8888,3476
8888,2338
2718,2506
8302,2506
5166,2506
1061,2506
3088,2506
8045,4160
8718,2506
8718,8488
7408,2506
9322,9302
4688,4717
2643,2506
1991,2774
5542,9302
6252,2506
2228,2506
4738,2506
7529,2506
8587,2506
2156,2506
2446,3174
2446,2893
2446,5282
2446,1662
2446,5403
2446,8697
9025,3667
5619,2506
4583,2506
3344,531
1832,2506
9615,2506
4079,2506
254,2506
7889,2506
6658,2506
7671,2506
2819,1683
2819,6740
2819,5203
2819,5311
2819,5650
2819,5005
8872,7388
8872,8196
7247,2506
1693,2506
1693,2004
7831,6030
2920,2506
4307,2506
1394,2506
6396,2506
6947,2226
3427,2506
7991,5862
4498,2506
7339,2506
6373,2448
6599,83
4335,2506
8412,4907
8080,2506
1265,9302
3054,2506
6707,2506
8960,9302
3308,6507
7044,2506
7705,4890
7705,9001
7705,9215
8103,2506
6449,2506
2719,2506
5836,2506
8785,2506
2115,3437
2115,3901
2115,8603
2115,8544
2115,2446
2115,7
2115,4535
2115,7722
3783,2506
6505,9302
9088,2506
9062,8886
3701,4207
3701,3701
9000,2506
6899,2506
4945,2506
8648,2506
840,5194
7714,2506
3492,9302
1612,6151
5955,2670
5955,2049
5955,8264
5955,7909
8833,2506
5257,2506
6391,2506
9215,7705
1595,2506
6825,2506
693,2506
8053,9302
3905,2506
1034,2506
1569,8744
3094,531
6785,2506
2981,920
4824,2506
4580,3693
3221,2506
1305,2506
5843,5282
4007,2506
3968,2506
3325,2506
3259,2506
6546,2506
601,9462
8062,2506
2612,9302
3476,7461
763,2506
5015,2506
5757,9302
412,9302
4239,4688
788,8744
3244,2506
3244,4422
1066,2506
1805,2506
4894,2506
8861,8718
5334,9302
387,2506
3730,9302
5,2506
2339,9302
7606,2506
2511,6687
2511,1413
2101,9302
4362,2506
8378,2506
8030,2506
3378,2506
1476,2506
4865,9302
1757,2506
9622,2506
4125,2506
2928,2506
3194,2506
9256,2049
3574,4785
7866,2506
4625,2506
92,9302
8697,6452
8068,2506
5722,531
4544,2506
1362,2506
1362,9302
8286,2506
4235,2506
402,8314
3630,2506
6709,2506
1453,4245
2887,2506
8374,2506
4151,2506
900,9302
3235,2506
4406,3984
2851,1618
3297,2506
1427,2506
2139,2506
2904,2506
7060,2506
7060,4667
8624,2506
6402,2506
4494,5481
7854,7318
9249,9302
1747,2506
9028,9302
9028,3471
5939,2506
5244,2506
3035,2506
3006,9302
4008,2594
7316,752
8995,2506
1556,1139
4860,8072
4860,443
4748,8155
4748,6546
1899,1484
771,2506
7025,2506
4677,2506
3675,9302
2734,2506
6470,2506
9172,2506
5173,2506
6132,4885
6132,8988
6132,2525
6132,7936
6132,2733
6132,2809
6132,6410
6132,1510
6132,5101
6132,2497
6132,323
6132,8422
6132,5756
6132,1033
6132,5164
6132,8188
6132,6682
6132,9363
6132,5329
6132,3075
6132,5750
6132,8444
6132,5074
6132,462
6132,2765
6132,1598
6132,9411
6132,2278
6132,2277
6132,6850
6132,3081
6132,1473
6132,4730
6132,8994
6132,1253
6132,6610
6132,5031
6132,7684
6132,5035
6132,6671
6132,482
6132,496
6132,3249
6132,6973
6132,1721
6132,6594
6132,3057
6132,7380
6132,5825
6132,3277
6132,9423
6132,5319
3498,9231
1078,2506
1125,2506
6185,2783
6090,2506
4325,9191
8654,9302
7483,2506
7336,2506
7336,9302
1531,2506
762,2506
3874,2506
1685,1264
4718,2506
4718,933
5144,2506
7326,2506
6441,2506
3653,2506
5850,2506
6741,8314
2759,2506
3338,2506
2703,2506
9128,2506
385,7326
7981,2506
4005,7181
4005,8744
6488,9302
42,9302
6857,2506
8160,2506
4409,2506
742,2506
5911,2506
1639,3365
6547,2506
2879,9302
8390,2506
8821,2506
195,9302
8708,2506
8602,2134
4397,8886
9020,3637
9020,9302
4119,2506
6438,2506
4647,2506
580,2506
6962,2506
1613,2506
2314,2513
2314,5795
2314,2254
4157,2506
4642,2506
8741,2506
2653,2506
8034,2506
4938,2506
5794,2506
4316,2506
2390,2506
4160,2506
4160,8851
4160,8045
5483,2506
1079,2506
2963,2506
3337,2506
4015,2506
9200,2506
6359,2506
2273,8983
2273,1507
8701,607
3829,2506
3108,2506
2484,2506
7861,2506
7569,2506
6587,2506
6349,2506
2133,2506
7830,2506
4776,9302
3861,2506
8707,2506
3486,2506
3719,2506
6037,2506
8260,2506
5087,1507
5087,1353
5087,7512
5087,9536
2465,2506
4221,2506
356,2506
5143,2506
4611,5798
4611,7327
5881,6803
5881,2049
4116,9302
5275,9302
5950,2506
7993,8413
2848,2506
8638,6950
835,9302
5089,2506
7843,2506
1733,9302
5674,2506
2542,2506
2513,2506
1648,2506
1120,5797
2236,2506
2154,2506
1121,2506
3037,2506
739,2448
2062,2506
2062,9302
6950,6255
6950,2707
6950,7250
6950,271
6950,3791
6950,7507
6950,7388
6950,947
6950,1178
6950,371
6950,1393
6950,1424
6950,6065
6950,2257
6950,8733
6950,8455
6950,4514
6950,8280
6950,5834
6950,4970
6950,7073
6950,9060
6950,5522
6950,2655
6950,5761
6950,2517
6950,2647
6950,6694
6950,2223
6950,7414
6304,2506
8196,2506
7337,2506
3926,2506
7603,2506
770,2506
7416,1096
3676,2506
4012,2506
4012,3168
8897,2506
522,2506
1879,2506
3686,9302
5543,3475
5543,9302
8194,531
1772,1881
5880,2506
7967,2506
2495,2506
1344,4905
7231,2506
2143,2506
5797,2506
5797,1120
3674,7243
3674,2506
4565,2506
9098,2506
4874,2506
9320,2506
7347,9302
1985,2506
6956,2506
6956,7097
6956,9136
6956,2651
5461,2506
973,3966
973,8983
3260,3616
4457,2506
8314,5679
8314,7700
8314,903
8314,1846
8314,2146
8314,8772
8314,8514
8314,2818
8314,7450
8314,7370
8314,8285
8314,6060
8314,9009
8314,3383
8314,1824
8314,7955
8314,4359
8314,5455
8314,2125
8314,2476
8314,1808
8314,3947
8314,5286
8314,4674
8314,2295
8314,5011
8314,265
8314,7618
8314,7282
8314,3463
8314,1621
8314,410
8314,8123
8314,8742
8314,8186
8314,5813
8314,4411
8314,1164
8314,8168
8314,1479
8314,666
8314,6244
8314,5499
8314,2381
8314,7553
8314,6876
8314,6933
8314,7141
8314,4891
8314,9594
8314,6206
8314,6988
127,9302
9342,2506
5361,2506
3446,2506
8116,2506
2985,2506
421,2506
1620,9302
1620,1302
138,2506
3452,2506
1301,2506
5904,2506
819,2506
8731,2506
6056,2506
3814,2506
8601,2506
8567,2506
6681,9302
8717,1123
8717,3965
8717,9547
8717,4539
8717,899
3021,2506
7958,2506
7221,2506
2505,2506
8056,2506
6779,8495
7880,5282
1342,2506
1932,2506
4269,2506
2118,2490
2549,6950
4876,3048
4876,5120
5191,2506
2834,2506
7087,2009
6895,2506
440,2506
8129,2506
6329,2506
5048,2506
5048,2800
291,2506
9415,2506
3741,2506
8230,2506
5758,2506
5758,2644
5398,2506
3928,9302
9484,2506
9484,5481
6062,9302
4726,2506
221,2506
8538,2506
7528,2506
6374,9302
718,1881
718,7244
718,7798
3039,9302
8630,2506
1138,2506
1138,4620
9263,3637
5161,2506
348,2506
2771,8314
5131,2506
2343,2506
6562,2506
7813,2506
1875,2506
2240,2506
2387,2506
3254,9302
924,2506
7516,2506
5520,2506
747,2506
3586,2506
3334,2506
241,2506
8870,9302
5749,2506
8860,2506
1145,2506
3687,9302
796,1809
1199,2506
3286,2506
5066,3198
1972,2506
158,9206
158,1979
158,1236
7438,2506
5890,2506
7909,2506
7909,211
7043,7705
1771,2506
4790,2506
7442,2506
9373,2506
1944,2506
3399,9598
6330,676
3233,2506
1423,2506
910,2506
2810,2506
9036,2506
7910,2506
6044,2506
4746,2506
9592,2506
7810,2506
2764,2378
2764,7544
5842,2506
5140,2506
8051,2506
1878,2506
1987,2506
8460,2506
4388,2506
9165,9302
9165,4153
2477,2506
5264,2506
5105,2506
6328,2506
168,2506
9189,2506
563,2506
2438,2506
1206,2506
7630,2506
9380,2506
4597,9302
977,2506
3502,2506
4038,504
4038,512
4038,7826
4038,9343
4038,3142
4038,8566
4038,6748
4038,8998
4038,3769
264,3667
4390,2506
3912,9430
5956,2506
3902,4341
4801,2506
6675,2506
4575,2506
5358,423
8764,2506
1323,2506
5396,2506
4821,5798
6123,2506
4639,2506
943,2506
943,4008
4499,5013
2866,8379
3131,2506
8967,676
1924,2506
8303,2506
7242,2506
5637,2506
5867,2506
7689,2506
6182,531
6182,8311
5579,2506
6752,9302
4379,2506
4997,2506
8838,2506
8524,2506
1082,2506
780,2506
1712,2506
3038,2506
3907,2506
7846,2506
8877,2506
6272,9302
7848,2506
8167,9302
1137,676
717,2506
360,9302
2162,2506
1439,2506
1387,2506
4838,2506
3368,2506
2490,9302
8853,2506
7829,2506
6877,2506
794,2506
1664,531
949,2506
2654,2506
5687,2506
3930,2506
5099,2506
7753,2506
1819,2506
1819,7136
1819,8746
8721,2506
244,2506
244,2774
3779,5194
3779,994
612,2506
1084,2506
7534,2506
1722,9302
4516,2634
7187,2506
6149,2506
9051,676
3547,2506
5665,2506
4438,9302
7001,2506
6551,7336
8621,2506
238,2506
3392,2506
2973,2506
45,9302
2712,2506
2712,799
2712,1357
4003,2506
9340,2506
9332,2506
4473,2506
7368,7925
3654,2506
4312,2506
7226,3365
5129,9302
9067,9302
9261,2506
886,2506
1536,3929
8451,2506
303,192
1997,2506
5900,2506
3015,2506
171,9302
4430,2506
978,2506
1871,2506
6170,2506
6314,9302
6637,9302
1351,2506
4149,2506
4230,2506
363,2506
2684,9302
3649,2506
7915,2506
596,9302
880,2506
9536,3063
2832,2340
2832,5408
9477,2506
3858,2506
936,3411
936,2340
936,2823
6528,8314
4571,2506
6801,2506
8868,2506
2042,2506
8642,2506
8642,7030
1513,9302
6481,2506
210,2506
9058,2506
1096,4848
1096,6770
1096,3041
1096,7978
1096,1373
1096,6373
1096,4336
1096,5609
1096,6800
1096,8456
1096,2448
1096,9059
1096,3211
1096,6431
1096,2550
1096,5187
1096,1909
1096,9389
3324,2506
1011,3966
7027,2506
1782,2506
2841,2506
2546,2506
2077,2506
7371,2506
1961,2506
4983,2506
3756,2506
3756,3365
4815,2506
8537,9302
1954,2506
2504,2506
1172,3637
1172,768
804,2506
853,2506
6976,2506
4766,2506
1897,2506
4723,2506
8417,2506
346,2506
7404,2506
6954,9302
7405,2506
5766,2506
505,2506
5313,2506
3097,2506
6732,4341
1962,9302
8817,2506
2041,2506
2041,5481
5444,2506
8979,2506
3519,2506
7325,2506
7325,1507
4410,2527
579,2506
8511,2506
6896,2506
8949,2506
276,531
8210,2506
5132,2506
1229,2506
1229,7125
2333,2506
5052,2506
8456,2492
8456,5404
8456,1096
8456,2448
2448,2506
2448,1096
3408,9302
9059,2506
9059,1096
9059,2448
9059,4292
9059,5187
5468,2506
1313,2506
7579,2506
1309,2506
4703,2506
4704,2506
3070,2506
7117,2506
7114,739
7564,2506
1275,2506
1274,2506
1274,5194
1274,3868
1274,4331
1274,6878
8946,2506
5844,2506
1837,2506
1108,2506
5212,5213
7723,2506
8261,2506
3319,2506
7123,2506
7124,2506
5615,2506
4355,2506
4356,2506
6234,2506
4530,2506
9024,2506
5200,2506
597,2506
1738,2506
1266,2506
6431,1096
6431,5187
4645,9302
3464,2506
1106,2506
3307,2506
6385,2506
8211,2506
2422,2506
4292,2506
8927,2506
5187,5609
5187,4911
8815,2506
5097,2506
681,2506
682,2506
684,2506
643,2506
642,2506
647,2506
649,2506
5604,2506
6261,2506
6262,2506
6263,2506
6515,2506
6519,2506
6518,2506
1405,2506
1404,2506
6009,2506
705,2506
4319,2506
1099,2506
8744,2506
8744,47
8744,9302
8744,5000
8744,9005
8744,9061
8744,7135
8744,3793
8744,4005
8744,8744
8744,4171
8743,2506
8743,3230
8748,2506
4484,2506
141,2506
857,2506
3355,2506
1185,2506
8728,2506
8730,2506
6135,2506
1197,2506
1810,2506
1786,2506
6381,2506
6965,2506
6574,2506
6575,2506
905,2506
9442,2506
212,2506
2432,9302
867,2506
864,9302
3496,2506
6567,2506
9447,2506
5136,2506
5138,2506
5134,2506
8550,2506
706,2506
9002,2506
5443,2506
1907,2506
1380,2506
8141,2506
4892,2506
4556,2506
4555,2506
2840,2506
2838,2506
4816,2506
9407,6507
548,2506
4289,2506
1597,2506
4323,3667
4850,2506
4849,3824
4849,6950
523,2506
8031,2506
8118,9302
7985,9302
2613,2506
5254,3636
7974,2506
7973,2506
3507,2506
1543,2506
3520,2506
107,1096
107,2448
651,2506
650,2506
8590,2506
1468,2506
8675,2506
8782,5282
5888,2506
5582,2506
5581,2506
5705,2506
962,2506
1447,2506
2755,2506
1445,2506
5684,2506
4931,2506
5763,2506
5155,2506
5751,2506
5154,2506
1777,2506
1778,2506
7543,9302
2922,2506
3331,2506
3333,2506
7372,2506
5572,2506
4097,2506
4909,2506
3708,2506
6160,2506
9305,2506
6159,2506
9094,2506
9096,2506
6215,2506
6216,2506
6222,2506
8760,2506
8828,2506
558,2506
6264,2506
6266,2506
9368,2506
4162,2506
8798,2506
2867,2506
1464,2506
1467,2506
3433,2506
4987,2506
343,2506
354,2506
4637,2506
3939,2506
4643,2506
3945,2506
8563,5282
1430,2506
1431,2506
6355,2506
4033,2506
964,2506
197,2506
7428,2506
4832,2506
7605,2506
4924,9302
4572,2506
4579,9302
8338,2506
9392,2506
7891,2506
7890,2506
3302,1096
6249,2506
6888,2506
4504,2506
7877,9302
4507,2506
4507,5753
114,9302
2704,2506
453,2506
1728,2506
8133,2506
9524,2506
9523,2506
775,2506
4599,2506
8966,2506
3831,2506
7742,2506
9315,2506
7980,2506
7103,2002
1750,2506
6002,2506
3935,9302
3933,2506
3646,2506
980,2506
9551,2506
9552,2506
7411,2506
7407,2506
6326,2506
6113,2506
6114,2506
7808,2506
6112,2506
8841,2506
307,2506
2237,2506
9391,2506
1887,2506
1886,2506
1187,2506
7768,2506
1377,2506
7935,2506
1708,2506
2066,2506
2420,2506
2415,2506
8137,2506
7791,2506
7789,2506
7794,9302
5309,2506
234,2506
9574,2506
9568,2506
4753,2506
1046,2506
1028,2506
394,2506
399,2506
729,2506
9271,4756
60,2506
61,2506
6427,2506
3893,2506
9181,2506
3992,2506
7655,2506
3087,9302
2430,2506
6221,2506
9013,2506
4394,2049
4761,2506
1669,2506
1194,2506
7465,2506
4916,2506
6823,2506
8480,2506
2914,2506
3995,2506
3997,2506
6451,2506
6473,2506
4083,2506
5779,2506
2170,2506
8994,2506
3101,2506
9577,2506
3799,9302
4132,2506
239,2506
1334,2506
7398,2506
7397,2506
4330,2506
604,9302
7593,2506
6388,2506
8976,2506
800,2506
786,2506
7419,2506
971,2506
6301,2448
4399,2506
2371,2506
4171,2506
5061,2506
5060,2506
5058,2506
9349,2506
230,2506
8305,2506
3684,2506
726,2506
1465,2506
5277,2506
3322,2506
1520,2506
4105,2506
5608,2506
2099,2506
5580,2506
9071,2506
3666,2506
4232,9302
8589,2506
8589,3243
9166,2506
9167,2506
6299,9302
1023,2506
7879,2506
1759,2506
6189,2506
9287,2506
5016,2506
920,3365
919,6030
585,9302
5525,2506
7190,2783
2946,2506
1094,2506
4283,6030
1022,2506
5792,2506
1555,2506
3046,2506
5113,2506
3899,2506
3420,2506
3419,2506
5467,2506
541,2506
6553,2506
1952,2506
7183,2506
2939,2506
2943,2506
75,2506
7379,2506
7585,9302
467,2506
4291,2506
5691,2506
2807,2506
6842,2506
4869,2506
4870,2506
4522,2506
7403,2506
1073,2506
1825,2506
5737,2506
4448,2506
1239,2506
551,2506
4246,3929
685,2506
6994,2506
2436,2506
4242,9302
2591,2506
591,2506
4656,5753
5070,2506
7178,2506
7957,2506
3208,2506
5782,2506
4190,9302
1724,2506
5643,2506
4415,2506
9452,9302
2850,2506
5377,2506
5247,2506
2801,2506
5252,2506
6151,8608
6151,9366
6151,8852
6151,2860
4812,2506
4811,2506
86,2506
1592,2506
1588,2506
223,9302
223,7875
4251,2506
7332,9302
7333,2506
3248,2506
3245,2506
6971,2506
8525,9302
2056,2506
2585,2506
1093,2506
7926,2506
9515,2506
8104,2506
8105,2506
5933,2506
6269,2506
1163,2506
1545,2506
3143,2506
9152,2506
848,2506
3766,2506
852,2506
4043,2506
4670,2506
4673,2506
4672,2506
7017,2506
1517,2506
6940,2506
3658,2506
5385,2506
7608,2506
6325,2506
8871,2506
8865,2506
5501,2506
2038,2506
3515,2506
8459,2506
4369,2506
3960,2506
3963,2506
8580,2506
8580,6346
564,2506
2805,2506
2303,2506
2498,2506
1505,9302
8825,335
8825,1507
7619,2506
7620,2506
6629,1806
824,2506
8778,2506
8779,2506
5818,2506
1850,2506
5710,2506
5708,2506
7469,2506
922,2506
8307,2506
5009,2506
5780,2506
7049,2506
8935,2506
9280,7030
2288,9302
4509,2506
7680,2506
3227,5194
6406,2506
8565,2506
8564,2506
8560,2506
8560,357
8343,2506
7222,4553
6796,2506
7763,2823
7765,2506
3155,9302
2634,1665
8611,2506
298,2506
8434,2506
6233,2506
6904,2506
3001,2506
2190,2506
606,2506
4904,2506
4903,2506
4903,3863
3982,2506
8109,2506
5369,2506
5366,2506
6157,2506
8939,2506
9154,2506
868,2506
3162,2506
8964,2506
3873,2506
2500,2506
1299,2506
3296,2506
9471,2506
3163,2506
8957,2506
4900,2506
6066,9302
2669,9302
9538,2506
5095,2506
7236,2506
3546,2506
9227,2506
4552,2506
8221,2506
2617,2506
6588,9302
9277,2506
8569,2506
1816,2506
8385,2506
7211,2506
4976,5753
7210,2506
6316,2506
9050,2506
7171,2506
7198,2506
6898,2506
2406,9302
300,2506
600,2506
4628,2506
5265,2506
9108,2506
7504,2506
6011,2506
6511,2506
7500,2506
6789,9302
85,2506
4165,2506
4166,2506
8126,2506
3725,2506
3718,2506
6849,2506
5295,2506
5296,2506
4177,2506
4037,2506
2087,2506
3900,2506
2574,2506
2618,2506
5655,2506
4652,2506
7153,2506
8177,2506
1792,2506
1794,2506
1796,2506
9122,2506
5476,2506
2093,2506
4268,2506
4629,2506
4488,2506
8215,2506
6612,2506
1191,2506
9465,2506
635,2506
4374,2506
8163,2506
5733,2506
6296,2506
1698,2506
2394,2506
2360,2506
9611,2506
3175,2506
6535,2506
6534,2506
1564,2506
3261,2506
3257,9302
9259,2506
4189,9302
6908,2506
3621,2506
433,2506
7350,9302
4145,2506
4048,2506
539,2506
534,2506
654,2506
655,2506
655,6034
655,2998
4086,2506
4088,2506
917,9302
1603,2506
897,2506
1719,2506
1037,2506
1890,9302
5088,2506
6308,9584
9514,3283
6912,2506
7580,2506
260,2506
1679,2506
3216,2506
3218,2506
9234,2506
3236,2506
1282,2506
1282,9302
233,2506
6198,2506
3971,2506
2374,2506
1995,2506
7549,2506
6259,2506
8101,2506
665,2506
1529,9302
4111,3475
5623,2506
736,2506
7724,2506
3479,2506
5067,2506
4192,2506
2782,2823
2786,2506
3644,2506
368,2506
5718,9302
9041,9302
2261,2506
9385,2506
6307,2506
5280,2506
6212,2506
9482,2506
1617,2506
8452,2506
162,2506
4831,9302
5829,2506
3679,2506
7721,2506
9433,531
2158,2506
9140,2506
6347,9302
5773,2506
6869,2506
6861,2506
810,9302
6461,2506
6049,2506
8348,9302
7292,2506
7962,2506
7988,2506
634,2506
4658,2506
3993,2506
4461,2506
875,9302
5835,2506
6144,2506
2434,2506
6683,2506
3803,2506
4073,2506
7804,9302
5997,2506
6666,2506
5430,2506
9018,2506
8679,2506
3999,2506
4068,2506
4767,2506
4546,2506
4808,2506
4047,2506
5492,916
3234,1486
3585,2506
520,2506
9421,2506
4818,2506
6361,2506
495,9302
23,2506
2709,2506
